temperature,258,10.0.0.3,1644556151.0319796,1644556151.0532582,10.0.0.11,1644556151.096263
altitude,241,10.0.0.3,1644556151.0317023,1644556151.052878,10.0.0.9,1644556151.0962687
altitude,83,10.0.0.3,1644556151.0318613,1644556151.0530524,10.0.0.9,1644556151.0967784
temperature,22,10.0.0.3,1644556151.0320206,1644556151.0533185,10.0.0.11,1644556151.0967748
altitude,354,10.0.0.3,1644556151.0319293,1644556151.053161,10.0.0.9,1644556151.0969033
temperature,131,10.0.0.3,1644556151.0322034,1644556151.0537817,10.0.0.11,1644556151.09691
temperature,258,10.0.0.3,1644556151.0319796,1644556151.0532582,10.0.0.9,1644556151.097013
temperature,228,10.0.0.3,1644556151.0322886,1644556151.0539205,10.0.0.11,1644556151.0970159
temperature,22,10.0.0.3,1644556151.0320206,1644556151.0533185,10.0.0.9,1644556151.0971136
temperature,335,10.0.0.3,1644556151.0323372,1644556151.0539713,10.0.0.11,1644556151.0971181
altitude,124,10.0.0.3,1644556151.0320692,1644556151.0535522,10.0.0.9,1644556151.0972095
temperature,119,10.0.0.3,1644556151.0323825,1644556151.0540218,10.0.0.11,1644556151.097214
altitude,270,10.0.0.3,1644556151.0321116,1644556151.0536232,10.0.0.9,1644556151.0973055
temperature,408,10.0.0.3,1644556151.0324674,1644556151.0541906,10.0.0.11,1644556151.097308
altitude,421,10.0.0.3,1644556151.0321617,1644556151.0536783,10.0.0.9,1644556151.0973983
temperature,198,10.0.0.3,1644556151.0325444,1644556151.0542915,10.0.0.11,1644556151.0974016
temperature,131,10.0.0.3,1644556151.0322034,1644556151.0537817,10.0.0.9,1644556151.0974905
altitude,251,10.0.0.3,1644556151.032241,1644556151.053868,10.0.0.9,1644556151.0975816
temperature,228,10.0.0.3,1644556151.0322886,1644556151.0539205,10.0.0.9,1644556151.0976725
altitude,241,10.0.0.3,1644556151.0317023,1644556151.052878,10.0.0.8,1644556151.0975866
temperature,335,10.0.0.3,1644556151.0323372,1644556151.0539713,10.0.0.9,1644556151.0977628
altitude,83,10.0.0.3,1644556151.0318613,1644556151.0530524,10.0.0.8,1644556151.097828
temperature,119,10.0.0.3,1644556151.0323825,1644556151.0540218,10.0.0.9,1644556151.0978532
altitude,354,10.0.0.3,1644556151.0319293,1644556151.053161,10.0.0.8,1644556151.0979354
altitude,272,10.0.0.3,1644556151.032428,1644556151.0541322,10.0.0.9,1644556151.0979435
altitude,124,10.0.0.3,1644556151.0320692,1644556151.0535522,10.0.0.8,1644556151.0980322
temperature,408,10.0.0.3,1644556151.0324674,1644556151.0541906,10.0.0.9,1644556151.0980358
altitude,270,10.0.0.3,1644556151.0321116,1644556151.0536232,10.0.0.8,1644556151.0981245
altitude,375,10.0.0.3,1644556151.0325089,1644556151.0542414,10.0.0.9,1644556151.0981297
altitude,421,10.0.0.3,1644556151.0321617,1644556151.0536783,10.0.0.8,1644556151.0982177
temperature,198,10.0.0.3,1644556151.0325444,1644556151.0542915,10.0.0.9,1644556151.098222
altitude,251,10.0.0.3,1644556151.032241,1644556151.053868,10.0.0.8,1644556151.0983908
altitude,272,10.0.0.3,1644556151.032428,1644556151.0541322,10.0.0.8,1644556151.0984926
temperature,258,10.0.0.3,1644556151.0319796,1644556151.0532582,10.0.0.12,1644556151.0983956
altitude,375,10.0.0.3,1644556151.0325089,1644556151.0542414,10.0.0.8,1644556151.0985866
temperature,22,10.0.0.3,1644556151.0320206,1644556151.0533185,10.0.0.12,1644556151.098635
temperature,131,10.0.0.3,1644556151.0322034,1644556151.0537817,10.0.0.12,1644556151.0987613
temperature,228,10.0.0.3,1644556151.0322886,1644556151.0539205,10.0.0.12,1644556151.099086
temperature,335,10.0.0.3,1644556151.0323372,1644556151.0539713,10.0.0.12,1644556151.099166
temperature,119,10.0.0.3,1644556151.0323825,1644556151.0540218,10.0.0.12,1644556151.099257
temperature,408,10.0.0.3,1644556151.0324674,1644556151.0541906,10.0.0.12,1644556151.0993326
temperature,198,10.0.0.3,1644556151.0325444,1644556151.0542915,10.0.0.12,1644556151.0994084
temperature,108,10.0.0.3,1644556151.032577,1644556151.124151,10.0.0.9,1644556151.1506608
altitude,182,10.0.0.3,1644556151.0326166,1644556151.1242952,10.0.0.9,1644556151.1511605
temperature,412,10.0.0.3,1644556151.0326593,1644556151.124371,10.0.0.9,1644556151.151431
altitude,372,10.0.0.3,1644556151.0327013,1644556151.1244378,10.0.0.9,1644556151.1521282
altitude,182,10.0.0.3,1644556151.0326166,1644556151.1242952,10.0.0.8,1644556151.152049
altitude,140,10.0.0.3,1644556151.0327437,1644556151.124501,10.0.0.9,1644556151.1522338
altitude,372,10.0.0.3,1644556151.0327013,1644556151.1244378,10.0.0.8,1644556151.1522658
temperature,209,10.0.0.3,1644556151.0327783,1644556151.124563,10.0.0.9,1644556151.152321
altitude,140,10.0.0.3,1644556151.0327437,1644556151.124501,10.0.0.8,1644556151.152367
temperature,93,10.0.0.3,1644556151.032811,1644556151.1246235,10.0.0.9,1644556151.1523871
altitude,483,10.0.0.3,1644556151.0328507,1644556151.1246846,10.0.0.9,1644556151.1524494
altitude,483,10.0.0.3,1644556151.0328507,1644556151.1246846,10.0.0.8,1644556151.1524389
altitude,353,10.0.0.3,1644556151.0328958,1644556151.1247451,10.0.0.8,1644556151.1525557
altitude,353,10.0.0.3,1644556151.0328958,1644556151.1247451,10.0.0.9,1644556151.152607
altitude,302,10.0.0.3,1644556151.033001,1644556151.1248658,10.0.0.8,1644556151.1526256
temperature,464,10.0.0.3,1644556151.032931,1644556151.1248055,10.0.0.9,1644556151.1526828
altitude,259,10.0.0.3,1644556151.0330513,1644556151.124926,10.0.0.8,1644556151.1526895
altitude,302,10.0.0.3,1644556151.033001,1644556151.1248658,10.0.0.9,1644556151.1527452
altitude,61,10.0.0.3,1644556151.0331624,1644556151.1250052,10.0.0.8,1644556151.1527526
altitude,259,10.0.0.3,1644556151.0330513,1644556151.124926,10.0.0.9,1644556151.1528072
altitude,20,10.0.0.3,1644556151.0332057,1644556151.1250696,10.0.0.8,1644556151.1528146
altitude,61,10.0.0.3,1644556151.0331624,1644556151.1250052,10.0.0.9,1644556151.152868
altitude,143,10.0.0.3,1644556151.0332496,1644556151.1251297,10.0.0.8,1644556151.1528745
altitude,20,10.0.0.3,1644556151.0332057,1644556151.1250696,10.0.0.9,1644556151.152928
altitude,482,10.0.0.3,1644556151.033344,1644556151.1252527,10.0.0.8,1644556151.152934
altitude,143,10.0.0.3,1644556151.0332496,1644556151.1251297,10.0.0.9,1644556151.1529875
altitude,445,10.0.0.3,1644556151.0333867,1644556151.125401,10.0.0.8,1644556151.1529953
temperature,358,10.0.0.3,1644556151.0332859,1644556151.125191,10.0.0.9,1644556151.1530468
altitude,144,10.0.0.3,1644556151.03343,1644556151.1254718,10.0.0.8,1644556151.1530545
altitude,482,10.0.0.3,1644556151.033344,1644556151.1252527,10.0.0.9,1644556151.1531055
altitude,198,10.0.0.3,1644556151.0335438,1644556151.1256566,10.0.0.8,1644556151.1531148
altitude,445,10.0.0.3,1644556151.0333867,1644556151.125401,10.0.0.9,1644556151.1531641
altitude,385,10.0.0.3,1644556151.0336313,1644556151.1257794,10.0.0.8,1644556151.1531756
altitude,144,10.0.0.3,1644556151.03343,1644556151.1254718,10.0.0.9,1644556151.153222
temperature,57,10.0.0.3,1644556151.0334663,1644556151.1255336,10.0.0.9,1644556151.1532807
temperature,15,10.0.0.3,1644556151.0335,1644556151.125595,10.0.0.9,1644556151.1533391
altitude,198,10.0.0.3,1644556151.0335438,1644556151.1256566,10.0.0.9,1644556151.1533973
temperature,149,10.0.0.3,1644556151.0335886,1644556151.1257179,10.0.0.9,1644556151.153456
altitude,385,10.0.0.3,1644556151.0336313,1644556151.1257794,10.0.0.9,1644556151.1535137
temperature,271,10.0.0.3,1644556151.0336814,1644556151.1258533,10.0.0.9,1644556151.1535816
temperature,350,10.0.0.3,1644556151.0337186,1644556151.12592,10.0.0.9,1644556151.1537306
temperature,104,10.0.0.3,1644556151.033752,1644556151.1259818,10.0.0.9,1644556151.153793
temperature,203,10.0.0.3,1644556151.0337942,1644556151.1260417,10.0.0.9,1644556151.1538901
altitude,310,10.0.0.3,1644556151.0338297,1644556151.1264334,10.0.0.9,1644556151.1539943
temperature,146,10.0.0.3,1644556151.0338626,1644556151.1266367,10.0.0.9,1644556151.1540582
temperature,335,10.0.0.3,1644556151.0339024,1644556151.1268194,10.0.0.9,1644556151.154126
altitude,310,10.0.0.3,1644556151.0338297,1644556151.1264334,10.0.0.8,1644556151.154086
altitude,383,10.0.0.3,1644556151.0339472,1644556151.1269445,10.0.0.9,1644556151.154187
altitude,383,10.0.0.3,1644556151.0339472,1644556151.1269445,10.0.0.8,1644556151.1542249
altitude,37,10.0.0.3,1644556151.0339825,1644556151.1271586,10.0.0.9,1644556151.1542466
altitude,37,10.0.0.3,1644556151.0339825,1644556151.1271586,10.0.0.8,1644556151.1543
temperature,350,10.0.0.3,1644556151.0340152,1644556151.1272767,10.0.0.9,1644556151.1543133
altitude,351,10.0.0.3,1644556151.0340548,1644556151.127433,10.0.0.8,1644556151.1543682
altitude,351,10.0.0.3,1644556151.0340548,1644556151.127433,10.0.0.9,1644556151.1543725
altitude,88,10.0.0.3,1644556151.0341825,1644556151.1277866,10.0.0.8,1644556151.1544337
altitude,34,10.0.0.3,1644556151.034218,1644556151.127888,10.0.0.8,1644556151.1545568
temperature,108,10.0.0.3,1644556151.032577,1644556151.124151,10.0.0.12,1644556151.1545892
altitude,52,10.0.0.3,1644556151.034369,1644556151.1283472,10.0.0.8,1644556151.1546242
altitude,164,10.0.0.3,1644556151.0344088,1644556151.1284482,10.0.0.8,1644556151.1546922
temperature,412,10.0.0.3,1644556151.0326593,1644556151.124371,10.0.0.12,1644556151.154698
temperature,209,10.0.0.3,1644556151.0327783,1644556151.124563,10.0.0.12,1644556151.1547656
temperature,93,10.0.0.3,1644556151.032811,1644556151.1246235,10.0.0.12,1644556151.15483
temperature,108,10.0.0.3,1644556151.032577,1644556151.124151,10.0.0.11,1644556151.154804
temperature,464,10.0.0.3,1644556151.032931,1644556151.1248055,10.0.0.12,1644556151.1548922
temperature,358,10.0.0.3,1644556151.0332859,1644556151.125191,10.0.0.12,1644556151.1549535
temperature,412,10.0.0.3,1644556151.0326593,1644556151.124371,10.0.0.11,1644556151.154996
temperature,57,10.0.0.3,1644556151.0334663,1644556151.1255336,10.0.0.12,1644556151.1551173
temperature,209,10.0.0.3,1644556151.0327783,1644556151.124563,10.0.0.11,1644556151.155077
temperature,15,10.0.0.3,1644556151.0335,1644556151.125595,10.0.0.12,1644556151.1551943
temperature,93,10.0.0.3,1644556151.032811,1644556151.1246235,10.0.0.11,1644556151.1552043
temperature,149,10.0.0.3,1644556151.0335886,1644556151.1257179,10.0.0.12,1644556151.1552577
temperature,464,10.0.0.3,1644556151.032931,1644556151.1248055,10.0.0.11,1644556151.155272
temperature,271,10.0.0.3,1644556151.0336814,1644556151.1258533,10.0.0.12,1644556151.1553192
temperature,358,10.0.0.3,1644556151.0332859,1644556151.125191,10.0.0.11,1644556151.155335
temperature,350,10.0.0.3,1644556151.0337186,1644556151.12592,10.0.0.12,1644556151.1553817
temperature,57,10.0.0.3,1644556151.0334663,1644556151.1255336,10.0.0.11,1644556151.1553974
temperature,104,10.0.0.3,1644556151.033752,1644556151.1259818,10.0.0.12,1644556151.1554437
temperature,15,10.0.0.3,1644556151.0335,1644556151.125595,10.0.0.11,1644556151.1554601
temperature,203,10.0.0.3,1644556151.0337942,1644556151.1260417,10.0.0.12,1644556151.1555047
temperature,149,10.0.0.3,1644556151.0335886,1644556151.1257179,10.0.0.11,1644556151.1555223
temperature,146,10.0.0.3,1644556151.0338626,1644556151.1266367,10.0.0.12,1644556151.1555648
temperature,271,10.0.0.3,1644556151.0336814,1644556151.1258533,10.0.0.11,1644556151.1555843
temperature,335,10.0.0.3,1644556151.0339024,1644556151.1268194,10.0.0.12,1644556151.1556256
temperature,350,10.0.0.3,1644556151.0337186,1644556151.12592,10.0.0.11,1644556151.1556444
temperature,350,10.0.0.3,1644556151.0340152,1644556151.1272767,10.0.0.12,1644556151.1556864
temperature,104,10.0.0.3,1644556151.033752,1644556151.1259818,10.0.0.11,1644556151.155705
temperature,338,10.0.0.3,1644556151.0340977,1644556151.1275477,10.0.0.12,1644556151.1557467
temperature,203,10.0.0.3,1644556151.0337942,1644556151.1260417,10.0.0.11,1644556151.155765
temperature,202,10.0.0.3,1644556151.0341396,1644556151.127668,10.0.0.12,1644556151.1558075
temperature,146,10.0.0.3,1644556151.0338626,1644556151.1266367,10.0.0.11,1644556151.1558251
temperature,499,10.0.0.3,1644556151.0342512,1644556151.1279893,10.0.0.12,1644556151.1558688
temperature,335,10.0.0.3,1644556151.0339024,1644556151.1268194,10.0.0.11,1644556151.155886
temperature,431,10.0.0.3,1644556151.034291,1644556151.1281052,10.0.0.12,1644556151.1559296
temperature,350,10.0.0.3,1644556151.0340152,1644556151.1272767,10.0.0.11,1644556151.1559463
temperature,233,10.0.0.3,1644556151.0343337,1644556151.1282232,10.0.0.12,1644556151.155991
temperature,338,10.0.0.3,1644556151.0340977,1644556151.1275477,10.0.0.11,1644556151.156006
temperature,202,10.0.0.3,1644556151.0341396,1644556151.127668,10.0.0.11,1644556151.1560686
temperature,499,10.0.0.3,1644556151.0342512,1644556151.1279893,10.0.0.11,1644556151.1561284
temperature,431,10.0.0.3,1644556151.034291,1644556151.1281052,10.0.0.11,1644556151.1562302
temperature,233,10.0.0.3,1644556151.0343337,1644556151.1282232,10.0.0.11,1644556151.1562934
temperature,338,10.0.0.3,1644556151.0340977,1644556151.1275477,10.0.0.9,1644556151.1938176
temperature,202,10.0.0.3,1644556151.0341396,1644556151.127668,10.0.0.9,1644556151.1950293
altitude,88,10.0.0.3,1644556151.0341825,1644556151.1277866,10.0.0.9,1644556151.1955209
altitude,34,10.0.0.3,1644556151.034218,1644556151.127888,10.0.0.9,1644556151.1957738
temperature,499,10.0.0.3,1644556151.0342512,1644556151.1279893,10.0.0.9,1644556151.1960192
temperature,431,10.0.0.3,1644556151.034291,1644556151.1281052,10.0.0.9,1644556151.196261
temperature,233,10.0.0.3,1644556151.0343337,1644556151.1282232,10.0.0.9,1644556151.196499
altitude,52,10.0.0.3,1644556151.034369,1644556151.1283472,10.0.0.9,1644556151.196738
altitude,164,10.0.0.3,1644556151.0344088,1644556151.1284482,10.0.0.9,1644556151.1969728
temperature,240,10.0.0.3,1644556151.0344517,1644556151.1285484,10.0.0.9,1644556151.1972153
altitude,171,10.0.0.3,1644556151.034487,1644556151.1286535,10.0.0.9,1644556151.1974568
altitude,70,10.0.0.3,1644556151.0345285,1644556151.1287534,10.0.0.9,1644556151.197754
temperature,206,10.0.0.3,1644556151.0345774,1644556151.1288893,10.0.0.9,1644556151.1982293
temperature,431,10.0.0.3,1644556151.034614,1644556151.129004,10.0.0.9,1644556151.1986344
altitude,22,10.0.0.3,1644556151.0346541,1644556151.1291087,10.0.0.9,1644556151.198993
altitude,131,10.0.0.3,1644556151.0346975,1644556151.129201,10.0.0.9,1644556151.1994724
altitude,446,10.0.0.3,1644556151.0347335,1644556151.1292922,10.0.0.9,1644556151.200113
temperature,320,10.0.0.3,1644556151.034777,1644556151.1293828,10.0.0.9,1644556151.2006009
altitude,11,10.0.0.3,1644556151.0348196,1644556151.1294873,10.0.0.9,1644556151.2011023
altitude,31,10.0.0.3,1644556151.0348637,1644556151.129755,10.0.0.9,1644556151.2015934
temperature,240,10.0.0.3,1644556151.0344517,1644556151.1285484,10.0.0.11,1644556151.202257
temperature,442,10.0.0.3,1644556151.0349002,1644556151.1298964,10.0.0.9,1644556151.2022884
temperature,206,10.0.0.3,1644556151.0345774,1644556151.1288893,10.0.0.11,1644556151.202388
temperature,361,10.0.0.3,1644556151.0349412,1644556151.1300106,10.0.0.9,1644556151.2024515
temperature,431,10.0.0.3,1644556151.034614,1644556151.129004,10.0.0.11,1644556151.2024632
temperature,320,10.0.0.3,1644556151.034777,1644556151.1293828,10.0.0.11,1644556151.2025661
altitude,110,10.0.0.3,1644556151.0349865,1644556151.130118,10.0.0.9,1644556151.202596
temperature,442,10.0.0.3,1644556151.0349002,1644556151.1298964,10.0.0.11,1644556151.2026293
temperature,361,10.0.0.3,1644556151.0349412,1644556151.1300106,10.0.0.11,1644556151.20269
temperature,393,10.0.0.3,1644556151.0350227,1644556151.1302102,10.0.0.11,1644556151.2027504
temperature,426,10.0.0.3,1644556151.0351152,1644556151.130313,10.0.0.11,1644556151.2028098
temperature,347,10.0.0.3,1644556151.0351746,1644556151.1304145,10.0.0.11,1644556151.2028692
temperature,240,10.0.0.3,1644556151.0344517,1644556151.1285484,10.0.0.12,1644556151.2028604
temperature,130,10.0.0.3,1644556151.0354004,1644556151.1308813,10.0.0.11,1644556151.2029884
temperature,258,10.0.0.3,1644556151.0355358,1644556151.1312344,10.0.0.11,1644556151.2030635
temperature,206,10.0.0.3,1644556151.0345774,1644556151.1288893,10.0.0.12,1644556151.2030685
temperature,464,10.0.0.3,1644556151.0356255,1644556151.131428,10.0.0.11,1644556151.203125
temperature,270,10.0.0.3,1644556151.03567,1644556151.1315277,10.0.0.11,1644556151.2031865
temperature,431,10.0.0.3,1644556151.034614,1644556151.129004,10.0.0.12,1644556151.203177
temperature,355,10.0.0.3,1644556151.0358033,1644556151.1318057,10.0.0.11,1644556151.2032812
temperature,320,10.0.0.3,1644556151.034777,1644556151.1293828,10.0.0.12,1644556151.2033138
temperature,442,10.0.0.3,1644556151.0349002,1644556151.1298964,10.0.0.12,1644556151.2034223
temperature,361,10.0.0.3,1644556151.0349412,1644556151.1300106,10.0.0.12,1644556151.2036178
altitude,171,10.0.0.3,1644556151.034487,1644556151.1286535,10.0.0.8,1644556151.203625
temperature,393,10.0.0.3,1644556151.0350227,1644556151.1302102,10.0.0.12,1644556151.2037494
altitude,70,10.0.0.3,1644556151.0345285,1644556151.1287534,10.0.0.8,1644556151.2038069
temperature,426,10.0.0.3,1644556151.0351152,1644556151.130313,10.0.0.12,1644556151.2038918
altitude,22,10.0.0.3,1644556151.0346541,1644556151.1291087,10.0.0.8,1644556151.2039425
temperature,347,10.0.0.3,1644556151.0351746,1644556151.1304145,10.0.0.12,1644556151.204006
altitude,131,10.0.0.3,1644556151.0346975,1644556151.129201,10.0.0.8,1644556151.2040577
altitude,446,10.0.0.3,1644556151.0347335,1644556151.1292922,10.0.0.8,1644556151.2041223
temperature,130,10.0.0.3,1644556151.0354004,1644556151.1308813,10.0.0.12,1644556151.204081
altitude,11,10.0.0.3,1644556151.0348196,1644556151.1294873,10.0.0.8,1644556151.2041852
temperature,258,10.0.0.3,1644556151.0355358,1644556151.1312344,10.0.0.12,1644556151.2042077
altitude,31,10.0.0.3,1644556151.0348637,1644556151.129755,10.0.0.8,1644556151.204246
temperature,464,10.0.0.3,1644556151.0356255,1644556151.131428,10.0.0.12,1644556151.2042744
altitude,110,10.0.0.3,1644556151.0349865,1644556151.130118,10.0.0.8,1644556151.2043061
temperature,270,10.0.0.3,1644556151.03567,1644556151.1315277,10.0.0.12,1644556151.2043378
altitude,464,10.0.0.3,1644556151.035221,1644556151.130516,10.0.0.8,1644556151.204365
altitude,77,10.0.0.3,1644556151.0352657,1644556151.130605,10.0.0.8,1644556151.2044241
temperature,355,10.0.0.3,1644556151.0358033,1644556151.1318057,10.0.0.12,1644556151.2044315
altitude,100,10.0.0.3,1644556151.0353107,1644556151.1306942,10.0.0.8,1644556151.2044835
temperature,83,10.0.0.3,1644556151.035848,1644556151.131906,10.0.0.12,1644556151.2045298
temperature,66,10.0.0.3,1644556151.0358922,1644556151.1320071,10.0.0.12,1644556151.2046034
altitude,449,10.0.0.3,1644556151.0353558,1644556151.1307912,10.0.0.8,1644556151.2045424
temperature,435,10.0.0.3,1644556151.0361187,1644556151.1324744,10.0.0.12,1644556151.2046673
altitude,335,10.0.0.3,1644556151.0354462,1644556151.1309834,10.0.0.8,1644556151.2046783
altitude,497,10.0.0.3,1644556151.0354912,1644556151.131139,10.0.0.8,1644556151.204744
altitude,367,10.0.0.3,1644556151.0355809,1644556151.131337,10.0.0.8,1644556151.204805
altitude,356,10.0.0.3,1644556151.0357144,1644556151.1316283,10.0.0.8,1644556151.204867
altitude,460,10.0.0.3,1644556151.0357585,1644556151.131717,10.0.0.8,1644556151.2049263
altitude,111,10.0.0.3,1644556151.0359373,1644556151.1321082,10.0.0.8,1644556151.205047
altitude,217,10.0.0.3,1644556151.0359821,1644556151.1321988,10.0.0.8,1644556151.205111
altitude,319,10.0.0.3,1644556151.0360286,1644556151.1322877,10.0.0.8,1644556151.205171
altitude,464,10.0.0.3,1644556151.036074,1644556151.1323826,10.0.0.8,1644556151.2052314
altitude,134,10.0.0.3,1644556151.0361636,1644556151.1325781,10.0.0.8,1644556151.205292
temperature,83,10.0.0.3,1644556151.035848,1644556151.131906,10.0.0.11,1644556151.2033584
temperature,393,10.0.0.3,1644556151.0350227,1644556151.1302102,10.0.0.9,1644556151.2026782
temperature,66,10.0.0.3,1644556151.0358922,1644556151.1320071,10.0.0.11,1644556151.205401
temperature,435,10.0.0.3,1644556151.0361187,1644556151.1324744,10.0.0.11,1644556151.2054765
temperature,426,10.0.0.3,1644556151.0351152,1644556151.130313,10.0.0.9,1644556151.2054825
temperature,347,10.0.0.3,1644556151.0351746,1644556151.1304145,10.0.0.9,1644556151.206219
altitude,464,10.0.0.3,1644556151.035221,1644556151.130516,10.0.0.9,1644556151.2066324
altitude,77,10.0.0.3,1644556151.0352657,1644556151.130605,10.0.0.9,1644556151.207043
altitude,100,10.0.0.3,1644556151.0353107,1644556151.1306942,10.0.0.9,1644556151.2076812
altitude,449,10.0.0.3,1644556151.0353558,1644556151.1307912,10.0.0.9,1644556151.2080767
temperature,130,10.0.0.3,1644556151.0354004,1644556151.1308813,10.0.0.9,1644556151.2084758
altitude,335,10.0.0.3,1644556151.0354462,1644556151.1309834,10.0.0.9,1644556151.2088678
altitude,497,10.0.0.3,1644556151.0354912,1644556151.131139,10.0.0.9,1644556151.2092643
temperature,258,10.0.0.3,1644556151.0355358,1644556151.1312344,10.0.0.9,1644556151.2097
altitude,367,10.0.0.3,1644556151.0355809,1644556151.131337,10.0.0.9,1644556151.2100923
temperature,464,10.0.0.3,1644556151.0356255,1644556151.131428,10.0.0.9,1644556151.210548
temperature,270,10.0.0.3,1644556151.03567,1644556151.1315277,10.0.0.9,1644556151.210937
altitude,356,10.0.0.3,1644556151.0357144,1644556151.1316283,10.0.0.9,1644556151.2113905
altitude,460,10.0.0.3,1644556151.0357585,1644556151.131717,10.0.0.9,1644556151.2117898
temperature,355,10.0.0.3,1644556151.0358033,1644556151.1318057,10.0.0.9,1644556151.2123168
temperature,83,10.0.0.3,1644556151.035848,1644556151.131906,10.0.0.9,1644556151.2127054
temperature,66,10.0.0.3,1644556151.0358922,1644556151.1320071,10.0.0.9,1644556151.2131689
altitude,111,10.0.0.3,1644556151.0359373,1644556151.1321082,10.0.0.9,1644556151.2145746
altitude,217,10.0.0.3,1644556151.0359821,1644556151.1321988,10.0.0.9,1644556151.2210293
altitude,319,10.0.0.3,1644556151.0360286,1644556151.1322877,10.0.0.9,1644556151.2211812
altitude,464,10.0.0.3,1644556151.036074,1644556151.1323826,10.0.0.9,1644556151.2213461
temperature,435,10.0.0.3,1644556151.0361187,1644556151.1324744,10.0.0.9,1644556151.2215178
altitude,134,10.0.0.3,1644556151.0361636,1644556151.1325781,10.0.0.9,1644556151.2216022
airquality,205,10.0.0.5,1644556151.3917298,1644556151.42039,10.0.0.9,1644556151.4415507
airquality,205,10.0.0.5,1644556151.3917298,1644556151.42039,10.0.0.8,1644556151.4415462
altitude,48,10.0.0.5,1644556151.3918078,1644556151.420569,10.0.0.9,1644556151.4417517
airquality,205,10.0.0.5,1644556151.3917298,1644556151.42039,10.0.0.11,1644556151.441868
airquality,205,10.0.0.5,1644556151.3917298,1644556151.42039,10.0.0.12,1644556151.4419668
altitude,48,10.0.0.5,1644556151.3918078,1644556151.420569,10.0.0.8,1644556151.442623
airquality,418,10.0.0.5,1644556151.3918962,1644556151.4224796,10.0.0.8,1644556151.4433646
light,147,10.0.0.5,1644556151.391854,1644556151.4223914,10.0.0.12,1644556151.4433904
airquality,418,10.0.0.5,1644556151.3918962,1644556151.4224796,10.0.0.12,1644556151.4435031
airquality,388,10.0.0.5,1644556151.3920631,1644556151.422796,10.0.0.8,1644556151.4435024
airquality,388,10.0.0.5,1644556151.3920631,1644556151.422796,10.0.0.12,1644556151.4435792
airquality,346,10.0.0.5,1644556151.392257,1644556151.4229295,10.0.0.12,1644556151.4436483
airquality,346,10.0.0.5,1644556151.392257,1644556151.4229295,10.0.0.8,1644556151.443643
light,147,10.0.0.5,1644556151.391854,1644556151.4223914,10.0.0.9,1644556151.4437387
airquality,418,10.0.0.5,1644556151.3918962,1644556151.4224796,10.0.0.9,1644556151.4438233
airquality,388,10.0.0.5,1644556151.3920631,1644556151.422796,10.0.0.9,1644556151.443891
airquality,346,10.0.0.5,1644556151.392257,1644556151.4229295,10.0.0.9,1644556151.4439545
light,147,10.0.0.5,1644556151.391854,1644556151.4223914,10.0.0.10,1644556151.44382
altitude,245,10.0.0.5,1644556151.3923604,1644556151.4229999,10.0.0.9,1644556151.4440155
airquality,418,10.0.0.5,1644556151.3918962,1644556151.4224796,10.0.0.11,1644556151.444076
airquality,388,10.0.0.5,1644556151.3920631,1644556151.422796,10.0.0.11,1644556151.444213
airquality,346,10.0.0.5,1644556151.392257,1644556151.4229295,10.0.0.11,1644556151.4443738
light,373,10.0.0.5,1644556151.3928652,1644556151.4235146,10.0.0.12,1644556151.4443657
light,373,10.0.0.5,1644556151.3928652,1644556151.4235146,10.0.0.10,1644556151.444661
altitude,372,10.0.0.5,1644556151.392446,1644556151.4231365,10.0.0.9,1644556151.4447203
light,372,10.0.0.5,1644556151.3929105,1644556151.423613,10.0.0.10,1644556151.4447567
altitude,364,10.0.0.5,1644556151.3925529,1644556151.4233077,10.0.0.9,1644556151.444807
weather,379,10.0.0.5,1644556151.3930793,1644556151.4242985,10.0.0.10,1644556151.4448287
altitude,303,10.0.0.5,1644556151.392683,1644556151.423368,10.0.0.9,1644556151.4448743
light,373,10.0.0.5,1644556151.3928652,1644556151.4235146,10.0.0.9,1644556151.4450238
altitude,245,10.0.0.5,1644556151.3923604,1644556151.4229999,10.0.0.8,1644556151.4450314
light,372,10.0.0.5,1644556151.3929105,1644556151.423613,10.0.0.9,1644556151.4450905
altitude,372,10.0.0.5,1644556151.392446,1644556151.4231365,10.0.0.8,1644556151.4451237
airquality,204,10.0.0.5,1644556151.3929458,1644556151.4236846,10.0.0.9,1644556151.4451554
altitude,364,10.0.0.5,1644556151.3925529,1644556151.4233077,10.0.0.8,1644556151.4452732
altitude,176,10.0.0.5,1644556151.3929794,1644556151.423785,10.0.0.9,1644556151.4452999
altitude,303,10.0.0.5,1644556151.392683,1644556151.423368,10.0.0.8,1644556151.4453506
airquality,269,10.0.0.5,1644556151.3930125,1644556151.4238539,10.0.0.9,1644556151.4453654
airquality,204,10.0.0.5,1644556151.3929458,1644556151.4236846,10.0.0.8,1644556151.4454534
airquality,447,10.0.0.5,1644556151.3930457,1644556151.424192,10.0.0.9,1644556151.4454927
altitude,176,10.0.0.5,1644556151.3929794,1644556151.423785,10.0.0.8,1644556151.4455276
weather,379,10.0.0.5,1644556151.3930793,1644556151.4242985,10.0.0.9,1644556151.4455695
airquality,269,10.0.0.5,1644556151.3930125,1644556151.4238539,10.0.0.8,1644556151.445592
airquality,447,10.0.0.5,1644556151.3930457,1644556151.424192,10.0.0.8,1644556151.445694
altitude,353,10.0.0.5,1644556151.393145,1644556151.4246557,10.0.0.8,1644556151.4458046
light,372,10.0.0.5,1644556151.3929105,1644556151.423613,10.0.0.12,1644556151.4457533
airquality,398,10.0.0.5,1644556151.3931782,1644556151.4247339,10.0.0.8,1644556151.4458737
airquality,204,10.0.0.5,1644556151.3929458,1644556151.4236846,10.0.0.12,1644556151.4459195
airquality,204,10.0.0.5,1644556151.3929458,1644556151.4236846,10.0.0.11,1644556151.4460363
airquality,269,10.0.0.5,1644556151.3930125,1644556151.4238539,10.0.0.12,1644556151.4460928
airquality,269,10.0.0.5,1644556151.3930125,1644556151.4238539,10.0.0.11,1644556151.4461625
airquality,447,10.0.0.5,1644556151.3930457,1644556151.424192,10.0.0.12,1644556151.4461758
airquality,447,10.0.0.5,1644556151.3930457,1644556151.424192,10.0.0.11,1644556151.4462342
weather,379,10.0.0.5,1644556151.3930793,1644556151.4242985,10.0.0.12,1644556151.446243
weather,379,10.0.0.5,1644556151.3930793,1644556151.4242985,10.0.0.11,1644556151.4463456
airquality,398,10.0.0.5,1644556151.3931782,1644556151.4247339,10.0.0.12,1644556151.4463747
airquality,398,10.0.0.5,1644556151.3931782,1644556151.4247339,10.0.0.11,1644556151.4464686
airquality,432,10.0.0.5,1644556151.3932893,1644556151.4250057,10.0.0.12,1644556151.4464917
airquality,432,10.0.0.5,1644556151.3932893,1644556151.4250057,10.0.0.11,1644556151.4465315
light,487,10.0.0.5,1644556151.3933244,1644556151.4250774,10.0.0.12,1644556151.4465559
airquality,328,10.0.0.5,1644556151.393497,1644556151.4251847,10.0.0.11,1644556151.446592
airquality,328,10.0.0.5,1644556151.393497,1644556151.4251847,10.0.0.12,1644556151.4466164
weather,412,10.0.0.5,1644556151.3935714,1644556151.4252493,10.0.0.11,1644556151.446652
weather,412,10.0.0.5,1644556151.3935714,1644556151.4252493,10.0.0.12,1644556151.446678
weather,117,10.0.0.5,1644556151.3936286,1644556151.4253035,10.0.0.11,1644556151.4467118
altitude,353,10.0.0.5,1644556151.393145,1644556151.4246557,10.0.0.9,1644556151.4468894
light,487,10.0.0.5,1644556151.3933244,1644556151.4250774,10.0.0.10,1644556151.4468672
airquality,398,10.0.0.5,1644556151.3931782,1644556151.4247339,10.0.0.9,1644556151.44698
airquality,432,10.0.0.5,1644556151.3932893,1644556151.4250057,10.0.0.9,1644556151.4470892
weather,412,10.0.0.5,1644556151.3935714,1644556151.4252493,10.0.0.10,1644556151.4470115
light,487,10.0.0.5,1644556151.3933244,1644556151.4250774,10.0.0.9,1644556151.4471705
airquality,328,10.0.0.5,1644556151.393497,1644556151.4251847,10.0.0.9,1644556151.447283
weather,412,10.0.0.5,1644556151.3935714,1644556151.4252493,10.0.0.9,1644556151.447349
weather,117,10.0.0.5,1644556151.3936286,1644556151.4253035,10.0.0.10,1644556151.4473362
weather,117,10.0.0.5,1644556151.3936286,1644556151.4253035,10.0.0.9,1644556151.4474106
light,31,10.0.0.5,1644556151.3937073,1644556151.4254687,10.0.0.10,1644556151.4474964
light,31,10.0.0.5,1644556151.3937073,1644556151.4254687,10.0.0.9,1644556151.4474695
altitude,248,10.0.0.5,1644556151.393778,1644556151.4255853,10.0.0.9,1644556151.4475796
light,374,10.0.0.5,1644556151.393811,1644556151.4256465,10.0.0.10,1644556151.4475791
light,151,10.0.0.5,1644556151.393845,1644556151.4257026,10.0.0.10,1644556151.447648
weather,200,10.0.0.5,1644556151.3939192,1644556151.4258134,10.0.0.11,1644556151.4477448
weather,390,10.0.0.5,1644556151.3939528,1644556151.4258747,10.0.0.11,1644556151.4478326
weather,439,10.0.0.5,1644556151.3939874,1644556151.4259284,10.0.0.11,1644556151.4478965
weather,304,10.0.0.5,1644556151.3941522,1644556151.4262145,10.0.0.11,1644556151.447957
weather,389,10.0.0.5,1644556151.3941846,1644556151.426275,10.0.0.11,1644556151.4480155
airquality,115,10.0.0.5,1644556151.3943503,1644556151.426525,10.0.0.11,1644556151.448073
weather,457,10.0.0.5,1644556151.394418,1644556151.4266376,10.0.0.11,1644556151.4481332
weather,117,10.0.0.5,1644556151.3936286,1644556151.4253035,10.0.0.12,1644556151.44819
airquality,432,10.0.0.5,1644556151.3932893,1644556151.4250057,10.0.0.8,1644556151.4482288
light,31,10.0.0.5,1644556151.3937073,1644556151.4254687,10.0.0.12,1644556151.448297
light,374,10.0.0.5,1644556151.393811,1644556151.4256465,10.0.0.12,1644556151.448366
airquality,328,10.0.0.5,1644556151.393497,1644556151.4251847,10.0.0.8,1644556151.4483666
light,151,10.0.0.5,1644556151.393845,1644556151.4257026,10.0.0.12,1644556151.4484298
altitude,248,10.0.0.5,1644556151.393778,1644556151.4255853,10.0.0.8,1644556151.4484353
weather,200,10.0.0.5,1644556151.3939192,1644556151.4258134,10.0.0.12,1644556151.448492
altitude,80,10.0.0.5,1644556151.3940203,1644556151.4259899,10.0.0.8,1644556151.448496
weather,390,10.0.0.5,1644556151.3939528,1644556151.4258747,10.0.0.12,1644556151.4485533
altitude,1,10.0.0.5,1644556151.3941176,1644556151.426154,10.0.0.8,1644556151.4485555
airquality,115,10.0.0.5,1644556151.3943503,1644556151.426525,10.0.0.8,1644556151.448616
altitude,228,10.0.0.5,1644556151.3943822,1644556151.426586,10.0.0.8,1644556151.4486735
light,374,10.0.0.5,1644556151.393811,1644556151.4256465,10.0.0.9,1644556151.4840121
altitude,112,10.0.0.5,1644556151.3944504,1644556151.426699,10.0.0.8,1644556151.4840095
altitude,345,10.0.0.5,1644556151.3945565,1644556151.426933,10.0.0.8,1644556151.4841805
light,151,10.0.0.5,1644556151.393845,1644556151.4257026,10.0.0.9,1644556151.4841812
airquality,20,10.0.0.5,1644556151.394868,1644556151.4273875,10.0.0.8,1644556151.4842646
weather,200,10.0.0.5,1644556151.3939192,1644556151.4258134,10.0.0.9,1644556151.4842682
altitude,137,10.0.0.5,1644556151.3950787,1644556151.4277294,10.0.0.8,1644556151.4843373
weather,390,10.0.0.5,1644556151.3939528,1644556151.4258747,10.0.0.9,1644556151.4843388
airquality,301,10.0.0.5,1644556151.3955626,1644556151.4615176,10.0.0.8,1644556151.4844053
weather,439,10.0.0.5,1644556151.3939874,1644556151.4259284,10.0.0.9,1644556151.4844077
airquality,249,10.0.0.5,1644556151.3956232,1644556151.4616709,10.0.0.8,1644556151.4844708
altitude,80,10.0.0.5,1644556151.3940203,1644556151.4259899,10.0.0.9,1644556151.484473
light,349,10.0.0.5,1644556151.394086,1644556151.4260936,10.0.0.9,1644556151.4845376
altitude,1,10.0.0.5,1644556151.3941176,1644556151.426154,10.0.0.9,1644556151.4846027
weather,119,10.0.0.5,1644556151.3944848,1644556151.4268076,10.0.0.11,1644556151.484591
weather,304,10.0.0.5,1644556151.3941522,1644556151.4262145,10.0.0.9,1644556151.4846654
weather,337,10.0.0.5,1644556151.3946538,1644556151.4269936,10.0.0.11,1644556151.4847016
weather,389,10.0.0.5,1644556151.3941846,1644556151.426275,10.0.0.9,1644556151.4847248
weather,296,10.0.0.5,1644556151.394802,1644556151.4272742,10.0.0.11,1644556151.4847698
airquality,115,10.0.0.5,1644556151.3943503,1644556151.426525,10.0.0.9,1644556151.4847844
airquality,20,10.0.0.5,1644556151.394868,1644556151.4273875,10.0.0.11,1644556151.4848354
altitude,228,10.0.0.5,1644556151.3943822,1644556151.426586,10.0.0.9,1644556151.4848573
weather,454,10.0.0.5,1644556151.3949776,1644556151.4275658,10.0.0.11,1644556151.4848976
weather,457,10.0.0.5,1644556151.394418,1644556151.4266376,10.0.0.9,1644556151.4849193
weather,429,10.0.0.5,1644556151.3954177,1644556151.4278514,10.0.0.11,1644556151.4849696
altitude,112,10.0.0.5,1644556151.3944504,1644556151.426699,10.0.0.9,1644556151.484978
airquality,301,10.0.0.5,1644556151.3955626,1644556151.4615176,10.0.0.11,1644556151.4850328
weather,119,10.0.0.5,1644556151.3944848,1644556151.4268076,10.0.0.9,1644556151.4850366
light,294,10.0.0.5,1644556151.3945172,1644556151.4268713,10.0.0.9,1644556151.485096
altitude,345,10.0.0.5,1644556151.3945565,1644556151.426933,10.0.0.9,1644556151.485156
airquality,249,10.0.0.5,1644556151.3956232,1644556151.4616709,10.0.0.11,1644556151.4850938
weather,337,10.0.0.5,1644556151.3946538,1644556151.4269936,10.0.0.9,1644556151.4852138
weather,296,10.0.0.5,1644556151.394802,1644556151.4272742,10.0.0.9,1644556151.4852827
airquality,20,10.0.0.5,1644556151.394868,1644556151.4273875,10.0.0.9,1644556151.4853559
light,283,10.0.0.5,1644556151.3949027,1644556151.4274483,10.0.0.9,1644556151.4854267
weather,454,10.0.0.5,1644556151.3949776,1644556151.4275658,10.0.0.9,1644556151.4854963
altitude,137,10.0.0.5,1644556151.3950787,1644556151.4277294,10.0.0.9,1644556151.4855673
light,81,10.0.0.5,1644556151.3953297,1644556151.4277894,10.0.0.9,1644556151.4856527
weather,429,10.0.0.5,1644556151.3954177,1644556151.4278514,10.0.0.9,1644556151.4857748
light,120,10.0.0.5,1644556151.3954856,1644556151.427913,10.0.0.9,1644556151.485851
airquality,301,10.0.0.5,1644556151.3955626,1644556151.4615176,10.0.0.9,1644556151.485918
airquality,249,10.0.0.5,1644556151.3956232,1644556151.4616709,10.0.0.9,1644556151.4859862
weather,439,10.0.0.5,1644556151.3939874,1644556151.4259284,10.0.0.12,1644556151.488397
light,349,10.0.0.5,1644556151.394086,1644556151.4260936,10.0.0.12,1644556151.488824
weather,304,10.0.0.5,1644556151.3941522,1644556151.4262145,10.0.0.12,1644556151.4889374
weather,389,10.0.0.5,1644556151.3941846,1644556151.426275,10.0.0.12,1644556151.4890406
weather,200,10.0.0.5,1644556151.3939192,1644556151.4258134,10.0.0.10,1644556151.4889524
airquality,115,10.0.0.5,1644556151.3943503,1644556151.426525,10.0.0.12,1644556151.4891202
weather,457,10.0.0.5,1644556151.394418,1644556151.4266376,10.0.0.12,1644556151.4891858
weather,390,10.0.0.5,1644556151.3939528,1644556151.4258747,10.0.0.10,1644556151.4892023
weather,119,10.0.0.5,1644556151.3944848,1644556151.4268076,10.0.0.12,1644556151.489248
weather,439,10.0.0.5,1644556151.3939874,1644556151.4259284,10.0.0.10,1644556151.4892867
light,294,10.0.0.5,1644556151.3945172,1644556151.4268713,10.0.0.12,1644556151.4893098
light,349,10.0.0.5,1644556151.394086,1644556151.4260936,10.0.0.10,1644556151.4893575
weather,337,10.0.0.5,1644556151.3946538,1644556151.4269936,10.0.0.12,1644556151.4893708
weather,296,10.0.0.5,1644556151.394802,1644556151.4272742,10.0.0.12,1644556151.4894352
weather,304,10.0.0.5,1644556151.3941522,1644556151.4262145,10.0.0.10,1644556151.4894948
airquality,20,10.0.0.5,1644556151.394868,1644556151.4273875,10.0.0.12,1644556151.489568
light,283,10.0.0.5,1644556151.3949027,1644556151.4274483,10.0.0.12,1644556151.489648
weather,454,10.0.0.5,1644556151.3949776,1644556151.4275658,10.0.0.12,1644556151.4897177
weather,389,10.0.0.5,1644556151.3941846,1644556151.426275,10.0.0.10,1644556151.4896736
weather,457,10.0.0.5,1644556151.394418,1644556151.4266376,10.0.0.10,1644556151.4900122
weather,119,10.0.0.5,1644556151.3944848,1644556151.4268076,10.0.0.10,1644556151.4901223
light,81,10.0.0.5,1644556151.3953297,1644556151.4277894,10.0.0.12,1644556151.489935
weather,429,10.0.0.5,1644556151.3954177,1644556151.4278514,10.0.0.12,1644556151.4902754
light,120,10.0.0.5,1644556151.3954856,1644556151.427913,10.0.0.12,1644556151.49037
weather,469,10.0.0.5,1644556151.3956814,1644556151.4617436,10.0.0.11,1644556151.490308
airquality,301,10.0.0.5,1644556151.3955626,1644556151.4615176,10.0.0.12,1644556151.4904506
airquality,249,10.0.0.5,1644556151.3956232,1644556151.4616709,10.0.0.12,1644556151.4905264
airquality,470,10.0.0.5,1644556151.3958483,1644556151.4619348,10.0.0.11,1644556151.4905508
weather,469,10.0.0.5,1644556151.3956814,1644556151.4617436,10.0.0.12,1644556151.490598
airquality,470,10.0.0.5,1644556151.3958483,1644556151.4619348,10.0.0.12,1644556151.4906733
light,368,10.0.0.5,1644556151.395959,1644556151.4620636,10.0.0.12,1644556151.4907436
weather,114,10.0.0.5,1644556151.3960714,1644556151.46222,10.0.0.12,1644556151.4908128
weather,114,10.0.0.5,1644556151.3960714,1644556151.46222,10.0.0.11,1644556151.4907506
airquality,19,10.0.0.5,1644556151.3962843,1644556151.4624622,10.0.0.12,1644556151.4908817
light,188,10.0.0.5,1644556151.3963976,1644556151.4625778,10.0.0.12,1644556151.490953
light,402,10.0.0.5,1644556151.3964543,1644556151.4626398,10.0.0.12,1644556151.4910223
light,326,10.0.0.5,1644556151.3965113,1644556151.4626923,10.0.0.12,1644556151.4911199
airquality,341,10.0.0.5,1644556151.396567,1644556151.4627538,10.0.0.12,1644556151.491194
airquality,19,10.0.0.5,1644556151.3962843,1644556151.4624622,10.0.0.11,1644556151.4911268
airquality,475,10.0.0.5,1644556151.396678,1644556151.4628673,10.0.0.12,1644556151.491263
light,294,10.0.0.5,1644556151.3945172,1644556151.4268713,10.0.0.10,1644556151.4910357
weather,420,10.0.0.5,1644556151.3967335,1644556151.462931,10.0.0.12,1644556151.4913328
weather,337,10.0.0.5,1644556151.3946538,1644556151.4269936,10.0.0.10,1644556151.4914515
weather,469,10.0.0.5,1644556151.3956814,1644556151.4617436,10.0.0.9,1644556151.491449
airquality,470,10.0.0.5,1644556151.3958483,1644556151.4619348,10.0.0.9,1644556151.4915638
altitude,373,10.0.0.5,1644556151.395904,1644556151.4620035,10.0.0.9,1644556151.491641
airquality,470,10.0.0.5,1644556151.3958483,1644556151.4619348,10.0.0.8,1644556151.4884396
light,368,10.0.0.5,1644556151.395959,1644556151.4620636,10.0.0.9,1644556151.491712
airquality,341,10.0.0.5,1644556151.396567,1644556151.4627538,10.0.0.11,1644556151.491528
weather,114,10.0.0.5,1644556151.3960714,1644556151.46222,10.0.0.9,1644556151.4917812
altitude,128,10.0.0.5,1644556151.3961694,1644556151.46234,10.0.0.9,1644556151.4918487
altitude,457,10.0.0.5,1644556151.3962276,1644556151.4624097,10.0.0.9,1644556151.4919162
airquality,19,10.0.0.5,1644556151.3962843,1644556151.4624622,10.0.0.9,1644556151.4919848
light,188,10.0.0.5,1644556151.3963976,1644556151.4625778,10.0.0.9,1644556151.4920535
light,402,10.0.0.5,1644556151.3964543,1644556151.4626398,10.0.0.9,1644556151.4921207
light,326,10.0.0.5,1644556151.3965113,1644556151.4626923,10.0.0.9,1644556151.4921865
airquality,475,10.0.0.5,1644556151.396678,1644556151.4628673,10.0.0.11,1644556151.492076
weather,296,10.0.0.5,1644556151.394802,1644556151.4272742,10.0.0.10,1644556151.491933
airquality,341,10.0.0.5,1644556151.396567,1644556151.4627538,10.0.0.9,1644556151.492253
altitude,59,10.0.0.5,1644556151.3966227,1644556151.4628057,10.0.0.9,1644556151.4923682
altitude,373,10.0.0.5,1644556151.395904,1644556151.4620035,10.0.0.8,1644556151.4920125
airquality,475,10.0.0.5,1644556151.396678,1644556151.4628673,10.0.0.9,1644556151.4924424
weather,420,10.0.0.5,1644556151.3967335,1644556151.462931,10.0.0.9,1644556151.4925117
light,283,10.0.0.5,1644556151.3949027,1644556151.4274483,10.0.0.10,1644556151.4926069
weather,420,10.0.0.5,1644556151.3967335,1644556151.462931,10.0.0.11,1644556151.492671
altitude,128,10.0.0.5,1644556151.3961694,1644556151.46234,10.0.0.8,1644556151.4927495
weather,454,10.0.0.5,1644556151.3949776,1644556151.4275658,10.0.0.10,1644556151.4928744
altitude,457,10.0.0.5,1644556151.3962276,1644556151.4624097,10.0.0.8,1644556151.4929767
light,81,10.0.0.5,1644556151.3953297,1644556151.4277894,10.0.0.10,1644556151.4930744
airquality,19,10.0.0.5,1644556151.3962843,1644556151.4624622,10.0.0.8,1644556151.4931703
weather,429,10.0.0.5,1644556151.3954177,1644556151.4278514,10.0.0.10,1644556151.4932652
airquality,341,10.0.0.5,1644556151.396567,1644556151.4627538,10.0.0.8,1644556151.493367
light,120,10.0.0.5,1644556151.3954856,1644556151.427913,10.0.0.10,1644556151.4934633
altitude,59,10.0.0.5,1644556151.3966227,1644556151.4628057,10.0.0.8,1644556151.493557
weather,469,10.0.0.5,1644556151.3956814,1644556151.4617436,10.0.0.10,1644556151.4936512
airquality,475,10.0.0.5,1644556151.396678,1644556151.4628673,10.0.0.8,1644556151.4938335
light,368,10.0.0.5,1644556151.395959,1644556151.4620636,10.0.0.10,1644556151.4940455
weather,114,10.0.0.5,1644556151.3960714,1644556151.46222,10.0.0.10,1644556151.4941356
light,188,10.0.0.5,1644556151.3963976,1644556151.4625778,10.0.0.10,1644556151.4942472
light,402,10.0.0.5,1644556151.3964543,1644556151.4626398,10.0.0.10,1644556151.4943314
light,326,10.0.0.5,1644556151.3965113,1644556151.4626923,10.0.0.10,1644556151.4944043
weather,420,10.0.0.5,1644556151.3967335,1644556151.462931,10.0.0.10,1644556151.4945593
altitude,136,10.0.0.6,1644556151.6115108,1644556151.6324868,10.0.0.9,1644556151.65379
temperature,69,10.0.0.6,1644556151.61155,1644556151.6325648,10.0.0.11,1644556151.6538224
temperature,69,10.0.0.6,1644556151.61155,1644556151.6325648,10.0.0.9,1644556151.6539824
temperature,127,10.0.0.6,1644556151.6115887,1644556151.6326232,10.0.0.9,1644556151.654088
weather,52,10.0.0.6,1644556151.6117144,1644556151.6327932,10.0.0.9,1644556151.6541762
temperature,127,10.0.0.6,1644556151.6115887,1644556151.6326232,10.0.0.11,1644556151.6541243
weather,401,10.0.0.6,1644556151.6117501,1644556151.6328452,10.0.0.9,1644556151.654258
weather,364,10.0.0.6,1644556151.6117935,1644556151.6328967,10.0.0.9,1644556151.6543362
temperature,94,10.0.0.6,1644556151.6118355,1644556151.6329482,10.0.0.9,1644556151.6544144
weather,52,10.0.0.6,1644556151.6117144,1644556151.6327932,10.0.0.11,1644556151.6544342
temperature,69,10.0.0.6,1644556151.61155,1644556151.6325648,10.0.0.12,1644556151.6545398
weather,401,10.0.0.6,1644556151.6117501,1644556151.6328452,10.0.0.11,1644556151.6546097
temperature,127,10.0.0.6,1644556151.6115887,1644556151.6326232,10.0.0.12,1644556151.6546576
location,410,10.0.0.6,1644556151.6116295,1644556151.632686,10.0.0.12,1644556151.6547413
weather,52,10.0.0.6,1644556151.6117144,1644556151.6327932,10.0.0.12,1644556151.6548173
weather,401,10.0.0.6,1644556151.6117501,1644556151.6328452,10.0.0.12,1644556151.6548898
weather,364,10.0.0.6,1644556151.6117935,1644556151.6328967,10.0.0.12,1644556151.6550071
altitude,136,10.0.0.6,1644556151.6115108,1644556151.6324868,10.0.0.8,1644556151.6548526
weather,364,10.0.0.6,1644556151.6117935,1644556151.6328967,10.0.0.11,1644556151.6549084
temperature,94,10.0.0.6,1644556151.6118355,1644556151.6329482,10.0.0.12,1644556151.655267
weather,60,10.0.0.6,1644556151.6118784,1644556151.6331391,10.0.0.12,1644556151.6553535
location,98,10.0.0.6,1644556151.612149,1644556151.6334093,10.0.0.12,1644556151.6554265
temperature,94,10.0.0.6,1644556151.6118355,1644556151.6329482,10.0.0.11,1644556151.6553054
weather,60,10.0.0.6,1644556151.6118784,1644556151.6331391,10.0.0.9,1644556151.6555579
location,410,10.0.0.6,1644556151.6116295,1644556151.632686,10.0.0.8,1644556151.6557198
location,410,10.0.0.6,1644556151.6116295,1644556151.632686,10.0.0.10,1644556151.6558123
weather,60,10.0.0.6,1644556151.6118784,1644556151.6331391,10.0.0.11,1644556151.6561189
weather,52,10.0.0.6,1644556151.6117144,1644556151.6327932,10.0.0.10,1644556151.656273
location,98,10.0.0.6,1644556151.612149,1644556151.6334093,10.0.0.8,1644556151.6565666
weather,401,10.0.0.6,1644556151.6117501,1644556151.6328452,10.0.0.10,1644556151.6567483
weather,364,10.0.0.6,1644556151.6117935,1644556151.6328967,10.0.0.10,1644556151.6568575
sound,115,10.0.0.6,1644556151.61199,1644556151.6332047,10.0.0.11,1644556151.6568718
sound,468,10.0.0.6,1644556151.612029,1644556151.6332574,10.0.0.11,1644556151.6569843
sound,69,10.0.0.6,1644556151.612067,1644556151.6333084,10.0.0.11,1644556151.657068
weather,60,10.0.0.6,1644556151.6118784,1644556151.6331391,10.0.0.10,1644556151.6570761
sound,330,10.0.0.6,1644556151.6121101,1644556151.633359,10.0.0.11,1644556151.6571448
location,98,10.0.0.6,1644556151.612149,1644556151.6334093,10.0.0.10,1644556151.6572528
altitude,351,10.0.0.6,1644556151.6122644,1644556151.674055,10.0.0.9,1644556151.6963913
weather,267,10.0.0.6,1644556151.6123056,1644556151.6741202,10.0.0.9,1644556151.6968796
altitude,118,10.0.0.6,1644556151.6123405,1644556151.6741793,10.0.0.9,1644556151.6971157
altitude,263,10.0.0.6,1644556151.6123774,1644556151.6742332,10.0.0.9,1644556151.6972678
temperature,308,10.0.0.6,1644556151.61249,1644556151.6743965,10.0.0.9,1644556151.6973975
weather,132,10.0.0.6,1644556151.6127162,1644556151.6747022,10.0.0.9,1644556151.6975288
altitude,398,10.0.0.6,1644556151.6127574,1644556151.6747534,10.0.0.9,1644556151.697622
altitude,487,10.0.0.6,1644556151.6130462,1644556151.6752312,10.0.0.9,1644556151.6977065
weather,110,10.0.0.6,1644556151.6130788,1644556151.6753063,10.0.0.9,1644556151.6978347
temperature,183,10.0.0.6,1644556151.6131532,1644556151.6754353,10.0.0.9,1644556151.6979225
weather,402,10.0.0.6,1644556151.6132262,1644556151.675558,10.0.0.9,1644556151.6980815
weather,478,10.0.0.6,1644556151.6132603,1644556151.6756268,10.0.0.9,1644556151.6981761
weather,216,10.0.0.6,1644556151.613292,1644556151.6756802,10.0.0.9,1644556151.6983025
weather,287,10.0.0.6,1644556151.613332,1644556151.6757514,10.0.0.9,1644556151.6983724
weather,267,10.0.0.6,1644556151.6123056,1644556151.6741202,10.0.0.12,1644556151.6993241
location,13,10.0.0.6,1644556151.6124203,1644556151.6742854,10.0.0.12,1644556151.6994588
location,0,10.0.0.6,1644556151.6124573,1644556151.6743433,10.0.0.12,1644556151.6995354
temperature,308,10.0.0.6,1644556151.61249,1644556151.6743965,10.0.0.12,1644556151.6996052
altitude,351,10.0.0.6,1644556151.6122644,1644556151.674055,10.0.0.8,1644556151.6980824
location,165,10.0.0.6,1644556151.6125655,1644556151.6745,10.0.0.12,1644556151.699889
weather,267,10.0.0.6,1644556151.6123056,1644556151.6741202,10.0.0.10,1644556151.6981878
location,150,10.0.0.6,1644556151.612684,1644556151.6746514,10.0.0.12,1644556151.7000225
weather,132,10.0.0.6,1644556151.6127162,1644556151.6747022,10.0.0.12,1644556151.7001104
location,284,10.0.0.6,1644556151.6128821,1644556151.674904,10.0.0.12,1644556151.700187
location,192,10.0.0.6,1644556151.613012,1644556151.6750603,10.0.0.12,1644556151.700259
weather,110,10.0.0.6,1644556151.6130788,1644556151.6753063,10.0.0.12,1644556151.7003276
temperature,183,10.0.0.6,1644556151.6131532,1644556151.6754353,10.0.0.12,1644556151.7003977
weather,402,10.0.0.6,1644556151.6132262,1644556151.675558,10.0.0.12,1644556151.7004666
weather,478,10.0.0.6,1644556151.6132603,1644556151.6756268,10.0.0.12,1644556151.700536
weather,216,10.0.0.6,1644556151.613292,1644556151.6756802,10.0.0.12,1644556151.700604
location,13,10.0.0.6,1644556151.6124203,1644556151.6742854,10.0.0.10,1644556151.7003667
weather,287,10.0.0.6,1644556151.613332,1644556151.6757514,10.0.0.12,1644556151.7006714
altitude,118,10.0.0.6,1644556151.6123405,1644556151.6741793,10.0.0.8,1644556151.7004194
weather,89,10.0.0.6,1644556151.6133986,1644556151.6758702,10.0.0.12,1644556151.700744
temperature,105,10.0.0.6,1644556151.6134393,1644556151.6759365,10.0.0.12,1644556151.7008138
weather,331,10.0.0.6,1644556151.6135943,1644556151.676168,10.0.0.12,1644556151.7008817
weather,101,10.0.0.6,1644556151.6136272,1644556151.6762233,10.0.0.12,1644556151.7009504
temperature,253,10.0.0.6,1644556151.6136906,1644556151.6763391,10.0.0.12,1644556151.701018
weather,50,10.0.0.6,1644556151.6137657,1644556151.6764572,10.0.0.12,1644556151.7010853
weather,331,10.0.0.6,1644556151.61384,1644556151.6765823,10.0.0.12,1644556151.701152
weather,134,10.0.0.6,1644556151.6138723,1644556151.676647,10.0.0.12,1644556151.7012596
altitude,263,10.0.0.6,1644556151.6123774,1644556151.6742332,10.0.0.8,1644556151.7009113
temperature,63,10.0.0.6,1644556151.6139123,1644556151.6766996,10.0.0.12,1644556151.7013307
location,0,10.0.0.6,1644556151.6124573,1644556151.6743433,10.0.0.10,1644556151.7009761
weather,192,10.0.0.6,1644556151.613978,1644556151.676824,10.0.0.12,1644556151.7013996
weather,432,10.0.0.6,1644556151.6140523,1644556151.6769392,10.0.0.12,1644556151.7014782
weather,431,10.0.0.6,1644556151.614085,1644556151.6770039,10.0.0.12,1644556151.7015493
temperature,249,10.0.0.6,1644556151.6141253,1644556151.6770625,10.0.0.12,1644556151.7016175
weather,461,10.0.0.6,1644556151.6141593,1644556151.6771266,10.0.0.12,1644556151.7016845
weather,38,10.0.0.6,1644556151.6143079,1644556151.6773555,10.0.0.12,1644556151.7017517
weather,120,10.0.0.6,1644556151.614349,1644556151.6774197,10.0.0.12,1644556151.70182
location,13,10.0.0.6,1644556151.6124203,1644556151.6742854,10.0.0.8,1644556151.7015908
location,165,10.0.0.6,1644556151.6125655,1644556151.6745,10.0.0.10,1644556151.7016366
weather,45,10.0.0.6,1644556151.6143825,1644556151.6774852,10.0.0.12,1644556151.7018874
location,309,10.0.0.6,1644556151.6144555,1644556151.6776133,10.0.0.12,1644556151.7019515
weather,27,10.0.0.6,1644556151.6145222,1644556151.6777155,10.0.0.12,1644556151.7020175
temperature,264,10.0.0.6,1644556151.6146305,1644556151.6778798,10.0.0.12,1644556151.7020843
weather,212,10.0.0.6,1644556151.6147041,1644556151.677987,10.0.0.12,1644556151.7021506
location,191,10.0.0.6,1644556151.614736,1644556151.6780488,10.0.0.12,1644556151.7022178
location,150,10.0.0.6,1644556151.612684,1644556151.6746514,10.0.0.10,1644556151.7019737
weather,458,10.0.0.6,1644556151.6148102,1644556151.6781616,10.0.0.12,1644556151.7022848
location,0,10.0.0.6,1644556151.6124573,1644556151.6743433,10.0.0.8,1644556151.7021124
temperature,414,10.0.0.6,1644556151.6148849,1644556151.6782625,10.0.0.12,1644556151.7023513
weather,289,10.0.0.6,1644556151.6149259,1644556151.6783245,10.0.0.12,1644556151.702418
weather,327,10.0.0.6,1644556151.614969,1644556151.6784132,10.0.0.12,1644556151.7024856
temperature,497,10.0.0.6,1644556151.6150804,1644556151.678569,10.0.0.12,1644556151.7025528
weather,63,10.0.0.6,1644556151.6151223,1644556151.6786327,10.0.0.12,1644556151.7026193
weather,308,10.0.0.6,1644556151.6151986,1644556151.6787465,10.0.0.12,1644556151.7026865
weather,132,10.0.0.6,1644556151.6127162,1644556151.6747022,10.0.0.10,1644556151.702522
location,165,10.0.0.6,1644556151.6125655,1644556151.6745,10.0.0.8,1644556151.7025812
weather,89,10.0.0.6,1644556151.6133986,1644556151.6758702,10.0.0.9,1644556151.7027912
temperature,105,10.0.0.6,1644556151.6134393,1644556151.6759365,10.0.0.9,1644556151.7028918
weather,331,10.0.0.6,1644556151.6135943,1644556151.676168,10.0.0.9,1644556151.7029653
weather,101,10.0.0.6,1644556151.6136272,1644556151.6762233,10.0.0.9,1644556151.7030356
temperature,253,10.0.0.6,1644556151.6136906,1644556151.6763391,10.0.0.9,1644556151.7031786
location,150,10.0.0.6,1644556151.612684,1644556151.6746514,10.0.0.8,1644556151.7029333
location,284,10.0.0.6,1644556151.6128821,1644556151.674904,10.0.0.10,1644556151.7029827
altitude,60,10.0.0.6,1644556151.6137319,1644556151.6764033,10.0.0.9,1644556151.7032504
weather,50,10.0.0.6,1644556151.6137657,1644556151.6764572,10.0.0.9,1644556151.7033226
altitude,440,10.0.0.6,1644556151.6138055,1644556151.676521,10.0.0.9,1644556151.703391
weather,331,10.0.0.6,1644556151.61384,1644556151.6765823,10.0.0.9,1644556151.703459
weather,134,10.0.0.6,1644556151.6138723,1644556151.676647,10.0.0.9,1644556151.7036014
location,192,10.0.0.6,1644556151.613012,1644556151.6750603,10.0.0.10,1644556151.7036076
temperature,63,10.0.0.6,1644556151.6139123,1644556151.6766996,10.0.0.9,1644556151.7036777
weather,192,10.0.0.6,1644556151.613978,1644556151.676824,10.0.0.9,1644556151.7037454
weather,432,10.0.0.6,1644556151.6140523,1644556151.6769392,10.0.0.9,1644556151.703811
weather,431,10.0.0.6,1644556151.614085,1644556151.6770039,10.0.0.9,1644556151.7038755
temperature,249,10.0.0.6,1644556151.6141253,1644556151.6770625,10.0.0.9,1644556151.7041123
altitude,398,10.0.0.6,1644556151.6127574,1644556151.6747534,10.0.0.8,1644556151.7035449
weather,461,10.0.0.6,1644556151.6141593,1644556151.6771266,10.0.0.9,1644556151.7042491
location,284,10.0.0.6,1644556151.6128821,1644556151.674904,10.0.0.8,1644556151.7044234
weather,110,10.0.0.6,1644556151.6130788,1644556151.6753063,10.0.0.10,1644556151.704193
altitude,367,10.0.0.6,1644556151.614276,1644556151.6772814,10.0.0.9,1644556151.7045472
weather,38,10.0.0.6,1644556151.6143079,1644556151.6773555,10.0.0.9,1644556151.7046773
weather,120,10.0.0.6,1644556151.614349,1644556151.6774197,10.0.0.9,1644556151.7047672
weather,402,10.0.0.6,1644556151.6132262,1644556151.675558,10.0.0.10,1644556151.7047074
weather,45,10.0.0.6,1644556151.6143825,1644556151.6774852,10.0.0.9,1644556151.7048478
weather,27,10.0.0.6,1644556151.6145222,1644556151.6777155,10.0.0.9,1644556151.7049274
temperature,264,10.0.0.6,1644556151.6146305,1644556151.6778798,10.0.0.9,1644556151.7050002
weather,478,10.0.0.6,1644556151.6132603,1644556151.6756268,10.0.0.10,1644556151.7050867
weather,212,10.0.0.6,1644556151.6147041,1644556151.677987,10.0.0.9,1644556151.7051113
location,192,10.0.0.6,1644556151.613012,1644556151.6750603,10.0.0.8,1644556151.7050054
altitude,451,10.0.0.6,1644556151.6147761,1644556151.6781008,10.0.0.9,1644556151.7051942
weather,458,10.0.0.6,1644556151.6148102,1644556151.6781616,10.0.0.9,1644556151.7052658
temperature,414,10.0.0.6,1644556151.6148849,1644556151.6782625,10.0.0.9,1644556151.7053366
weather,289,10.0.0.6,1644556151.6149259,1644556151.6783245,10.0.0.9,1644556151.7054067
weather,327,10.0.0.6,1644556151.614969,1644556151.6784132,10.0.0.9,1644556151.7054763
altitude,487,10.0.0.6,1644556151.6130462,1644556151.6752312,10.0.0.8,1644556151.705433
weather,216,10.0.0.6,1644556151.613292,1644556151.6756802,10.0.0.10,1644556151.7053618
temperature,497,10.0.0.6,1644556151.6150804,1644556151.678569,10.0.0.9,1644556151.7055454
weather,63,10.0.0.6,1644556151.6151223,1644556151.6786327,10.0.0.9,1644556151.7056906
weather,308,10.0.0.6,1644556151.6151986,1644556151.6787465,10.0.0.9,1644556151.7058196
altitude,60,10.0.0.6,1644556151.6137319,1644556151.6764033,10.0.0.8,1644556151.705728
altitude,120,10.0.0.6,1644556151.615232,1644556151.6787977,10.0.0.9,1644556151.7059488
altitude,440,10.0.0.6,1644556151.6138055,1644556151.676521,10.0.0.8,1644556151.706118
weather,287,10.0.0.6,1644556151.613332,1644556151.6757514,10.0.0.10,1644556151.7058473
sound,122,10.0.0.6,1644556151.6122231,1644556151.673952,10.0.0.11,1644556151.706128
weather,267,10.0.0.6,1644556151.6123056,1644556151.6741202,10.0.0.11,1644556151.706248
temperature,308,10.0.0.6,1644556151.61249,1644556151.6743965,10.0.0.11,1644556151.7063284
sound,363,10.0.0.6,1644556151.6125307,1644556151.674449,10.0.0.11,1644556151.7064037
sound,446,10.0.0.6,1644556151.6126063,1644556151.674551,10.0.0.11,1644556151.7064753
altitude,367,10.0.0.6,1644556151.614276,1644556151.6772814,10.0.0.8,1644556151.7062852
weather,89,10.0.0.6,1644556151.6133986,1644556151.6758702,10.0.0.10,1644556151.7063677
weather,132,10.0.0.6,1644556151.6127162,1644556151.6747022,10.0.0.11,1644556151.7065454
sound,83,10.0.0.6,1644556151.6128042,1644556151.674804,10.0.0.11,1644556151.7066097
sound,323,10.0.0.6,1644556151.6128397,1644556151.674854,10.0.0.11,1644556151.706682
weather,110,10.0.0.6,1644556151.6130788,1644556151.6753063,10.0.0.11,1644556151.7067516
sound,447,10.0.0.6,1644556151.613119,1644556151.67537,10.0.0.11,1644556151.7068207
weather,331,10.0.0.6,1644556151.6135943,1644556151.676168,10.0.0.10,1644556151.7067175
temperature,183,10.0.0.6,1644556151.6131532,1644556151.6754353,10.0.0.11,1644556151.7068892
weather,402,10.0.0.6,1644556151.6132262,1644556151.675558,10.0.0.11,1644556151.7069578
weather,478,10.0.0.6,1644556151.6132603,1644556151.6756268,10.0.0.11,1644556151.7070339
weather,101,10.0.0.6,1644556151.6136272,1644556151.6762233,10.0.0.10,1644556151.7071652
weather,216,10.0.0.6,1644556151.613292,1644556151.6756802,10.0.0.11,1644556151.707179
location,309,10.0.0.6,1644556151.6144555,1644556151.6776133,10.0.0.8,1644556151.706837
weather,287,10.0.0.6,1644556151.613332,1644556151.6757514,10.0.0.11,1644556151.7072613
sound,312,10.0.0.6,1644556151.6133664,1644556151.6758173,10.0.0.11,1644556151.707326
weather,89,10.0.0.6,1644556151.6133986,1644556151.6758702,10.0.0.11,1644556151.7073936
temperature,105,10.0.0.6,1644556151.6134393,1644556151.6759365,10.0.0.11,1644556151.7074714
sound,488,10.0.0.6,1644556151.6135578,1644556151.6761038,10.0.0.11,1644556151.7075415
weather,50,10.0.0.6,1644556151.6137657,1644556151.6764572,10.0.0.10,1644556151.7074835
weather,331,10.0.0.6,1644556151.6135943,1644556151.676168,10.0.0.11,1644556151.7076118
location,191,10.0.0.6,1644556151.614736,1644556151.6780488,10.0.0.8,1644556151.7073398
weather,101,10.0.0.6,1644556151.6136272,1644556151.6762233,10.0.0.11,1644556151.7076807
temperature,253,10.0.0.6,1644556151.6136906,1644556151.6763391,10.0.0.11,1644556151.707786
weather,50,10.0.0.6,1644556151.6137657,1644556151.6764572,10.0.0.11,1644556151.7078862
weather,331,10.0.0.6,1644556151.61384,1644556151.6765823,10.0.0.11,1644556151.7079642
weather,331,10.0.0.6,1644556151.61384,1644556151.6765823,10.0.0.10,1644556151.7079046
weather,134,10.0.0.6,1644556151.6138723,1644556151.676647,10.0.0.11,1644556151.7080343
temperature,63,10.0.0.6,1644556151.6139123,1644556151.6766996,10.0.0.11,1644556151.7081084
altitude,451,10.0.0.6,1644556151.6147761,1644556151.6781008,10.0.0.8,1644556151.7079787
sound,401,10.0.0.6,1644556151.6139467,1644556151.676761,10.0.0.11,1644556151.7081773
weather,134,10.0.0.6,1644556151.6138723,1644556151.676647,10.0.0.10,1644556151.70827
weather,192,10.0.0.6,1644556151.613978,1644556151.676824,10.0.0.11,1644556151.7082465
sound,13,10.0.0.6,1644556151.6140182,1644556151.6768787,10.0.0.11,1644556151.7083864
weather,432,10.0.0.6,1644556151.6140523,1644556151.6769392,10.0.0.11,1644556151.7084613
weather,431,10.0.0.6,1644556151.614085,1644556151.6770039,10.0.0.11,1644556151.7085297
altitude,120,10.0.0.6,1644556151.615232,1644556151.6787977,10.0.0.8,1644556151.708477
temperature,249,10.0.0.6,1644556151.6141253,1644556151.6770625,10.0.0.11,1644556151.708643
weather,461,10.0.0.6,1644556151.6141593,1644556151.6771266,10.0.0.11,1644556151.7087636
weather,192,10.0.0.6,1644556151.613978,1644556151.676824,10.0.0.10,1644556151.7087746
weather,38,10.0.0.6,1644556151.6143079,1644556151.6773555,10.0.0.11,1644556151.708845
weather,120,10.0.0.6,1644556151.614349,1644556151.6774197,10.0.0.11,1644556151.708915
weather,45,10.0.0.6,1644556151.6143825,1644556151.6774852,10.0.0.11,1644556151.7089837
sound,210,10.0.0.6,1644556151.6144154,1644556151.6775525,10.0.0.11,1644556151.709068
weather,432,10.0.0.6,1644556151.6140523,1644556151.6769392,10.0.0.10,1644556151.7089562
weather,27,10.0.0.6,1644556151.6145222,1644556151.6777155,10.0.0.11,1644556151.7091687
sound,422,10.0.0.6,1644556151.6145642,1644556151.6777778,10.0.0.11,1644556151.7092414
temperature,264,10.0.0.6,1644556151.6146305,1644556151.6778798,10.0.0.11,1644556151.7092898
weather,431,10.0.0.6,1644556151.614085,1644556151.6770039,10.0.0.10,1644556151.7092633
weather,212,10.0.0.6,1644556151.6147041,1644556151.677987,10.0.0.11,1644556151.7093368
weather,458,10.0.0.6,1644556151.6148102,1644556151.6781616,10.0.0.11,1644556151.7093847
weather,461,10.0.0.6,1644556151.6141593,1644556151.6771266,10.0.0.10,1644556151.7093973
temperature,414,10.0.0.6,1644556151.6148849,1644556151.6782625,10.0.0.11,1644556151.709432
weather,289,10.0.0.6,1644556151.6149259,1644556151.6783245,10.0.0.11,1644556151.709475
weather,38,10.0.0.6,1644556151.6143079,1644556151.6773555,10.0.0.10,1644556151.7094824
weather,327,10.0.0.6,1644556151.614969,1644556151.6784132,10.0.0.11,1644556151.709521
temperature,497,10.0.0.6,1644556151.6150804,1644556151.678569,10.0.0.11,1644556151.709568
weather,63,10.0.0.6,1644556151.6151223,1644556151.6786327,10.0.0.11,1644556151.709615
weather,120,10.0.0.6,1644556151.614349,1644556151.6774197,10.0.0.10,1644556151.7095885
weather,308,10.0.0.6,1644556151.6151986,1644556151.6787465,10.0.0.11,1644556151.709662
weather,45,10.0.0.6,1644556151.6143825,1644556151.6774852,10.0.0.10,1644556151.7097206
location,309,10.0.0.6,1644556151.6144555,1644556151.6776133,10.0.0.10,1644556151.7099323
weather,27,10.0.0.6,1644556151.6145222,1644556151.6777155,10.0.0.10,1644556151.7100506
weather,212,10.0.0.6,1644556151.6147041,1644556151.677987,10.0.0.10,1644556151.7101817
location,191,10.0.0.6,1644556151.614736,1644556151.6780488,10.0.0.10,1644556151.7102706
weather,458,10.0.0.6,1644556151.6148102,1644556151.6781616,10.0.0.10,1644556151.7103329
weather,289,10.0.0.6,1644556151.6149259,1644556151.6783245,10.0.0.10,1644556151.7103877
weather,327,10.0.0.6,1644556151.614969,1644556151.6784132,10.0.0.10,1644556151.7104738
weather,63,10.0.0.6,1644556151.6151223,1644556151.6786327,10.0.0.10,1644556151.710621
weather,308,10.0.0.6,1644556151.6151986,1644556151.6787465,10.0.0.10,1644556151.736852
weather,279,10.0.0.7,1644556151.7925808,1644556151.8173645,10.0.0.9,1644556151.8386762
weather,3,10.0.0.7,1644556151.792722,1644556151.8175454,10.0.0.9,1644556151.8389394
weather,279,10.0.0.7,1644556151.7925808,1644556151.8173645,10.0.0.10,1644556151.8388762
weather,458,10.0.0.7,1644556151.792837,1644556151.8176117,10.0.0.9,1644556151.8390615
weather,3,10.0.0.7,1644556151.792722,1644556151.8175454,10.0.0.10,1644556151.8391562
weather,431,10.0.0.7,1644556151.792944,1644556151.8177383,10.0.0.9,1644556151.8391905
weather,458,10.0.0.7,1644556151.792837,1644556151.8176117,10.0.0.10,1644556151.8392463
location,94,10.0.0.7,1644556151.7929013,1644556151.8176816,10.0.0.10,1644556151.8393164
weather,279,10.0.0.7,1644556151.7925808,1644556151.8173645,10.0.0.11,1644556151.8393092
weather,431,10.0.0.7,1644556151.792944,1644556151.8177383,10.0.0.10,1644556151.8393805
weather,3,10.0.0.7,1644556151.792722,1644556151.8175454,10.0.0.11,1644556151.839416
weather,458,10.0.0.7,1644556151.792837,1644556151.8176117,10.0.0.11,1644556151.8394835
location,94,10.0.0.7,1644556151.7929013,1644556151.8176816,10.0.0.8,1644556151.8394978
weather,431,10.0.0.7,1644556151.792944,1644556151.8177383,10.0.0.11,1644556151.839546
location,38,10.0.0.7,1644556151.7929826,1644556151.8177931,10.0.0.8,1644556151.8396065
weather,279,10.0.0.7,1644556151.7925808,1644556151.8173645,10.0.0.12,1644556151.8396566
location,192,10.0.0.7,1644556151.793136,1644556151.8181925,10.0.0.8,1644556151.8397102
weather,3,10.0.0.7,1644556151.792722,1644556151.8175454,10.0.0.12,1644556151.8397605
location,0,10.0.0.7,1644556151.7932112,1644556151.8183172,10.0.0.8,1644556151.8397808
weather,458,10.0.0.7,1644556151.792837,1644556151.8176117,10.0.0.12,1644556151.8398294
location,345,10.0.0.7,1644556151.793246,1644556151.8183708,10.0.0.8,1644556151.8401036
location,94,10.0.0.7,1644556151.7929013,1644556151.8176816,10.0.0.12,1644556151.8401842
location,294,10.0.0.7,1644556151.7933087,1644556151.818487,10.0.0.8,1644556151.8402128
weather,431,10.0.0.7,1644556151.792944,1644556151.8177383,10.0.0.12,1644556151.8402681
location,304,10.0.0.7,1644556151.7933736,1644556151.818605,10.0.0.8,1644556151.840284
location,186,10.0.0.7,1644556151.7934704,1644556151.8187773,10.0.0.8,1644556151.8404217
location,211,10.0.0.7,1644556151.793566,1644556151.81894,10.0.0.8,1644556151.8405411
weather,360,10.0.0.7,1644556151.7930183,1644556151.817922,10.0.0.11,1644556151.840574
location,417,10.0.0.7,1644556151.793599,1644556151.8189986,10.0.0.8,1644556151.8406477
weather,493,10.0.0.7,1644556151.793055,1644556151.8180387,10.0.0.11,1644556151.8406715
location,211,10.0.0.7,1644556151.7936926,1644556151.8192868,10.0.0.8,1644556151.840711
weather,27,10.0.0.7,1644556151.7930908,1644556151.8181112,10.0.0.11,1644556151.8407419
weather,350,10.0.0.7,1644556151.793178,1644556151.818253,10.0.0.11,1644556151.8408039
location,38,10.0.0.7,1644556151.7929826,1644556151.8177931,10.0.0.10,1644556151.840802
weather,433,10.0.0.7,1644556151.7932773,1644556151.8184319,10.0.0.11,1644556151.8408637
weather,360,10.0.0.7,1644556151.7930183,1644556151.817922,10.0.0.10,1644556151.8408875
weather,93,10.0.0.7,1644556151.7933402,1644556151.818549,10.0.0.11,1644556151.840923
weather,493,10.0.0.7,1644556151.793055,1644556151.8180387,10.0.0.10,1644556151.840954
weather,89,10.0.0.7,1644556151.7934055,1644556151.818665,10.0.0.11,1644556151.8409803
weather,27,10.0.0.7,1644556151.7930908,1644556151.8181112,10.0.0.10,1644556151.8410175
weather,478,10.0.0.7,1644556151.793439,1644556151.8187175,10.0.0.11,1644556151.8410363
location,192,10.0.0.7,1644556151.793136,1644556151.8181925,10.0.0.10,1644556151.8410883
weather,63,10.0.0.7,1644556151.7935038,1644556151.818829,10.0.0.11,1644556151.8410926
weather,350,10.0.0.7,1644556151.793178,1644556151.818253,10.0.0.10,1644556151.8411489
weather,8,10.0.0.7,1644556151.793535,1644556151.818889,10.0.0.11,1644556151.8411508
location,0,10.0.0.7,1644556151.7932112,1644556151.8183172,10.0.0.10,1644556151.8412085
weather,138,10.0.0.7,1644556151.7936304,1644556151.8191564,10.0.0.11,1644556151.8412106
location,345,10.0.0.7,1644556151.793246,1644556151.8183708,10.0.0.10,1644556151.841268
weather,286,10.0.0.7,1644556151.7936618,1644556151.8192322,10.0.0.11,1644556151.84127
weather,433,10.0.0.7,1644556151.7932773,1644556151.8184319,10.0.0.10,1644556151.841326
weather,360,10.0.0.7,1644556151.7930183,1644556151.817922,10.0.0.9,1644556151.841425
weather,493,10.0.0.7,1644556151.793055,1644556151.8180387,10.0.0.9,1644556151.8415196
weather,27,10.0.0.7,1644556151.7930908,1644556151.8181112,10.0.0.9,1644556151.8416424
location,294,10.0.0.7,1644556151.7933087,1644556151.818487,10.0.0.10,1644556151.8413932
weather,350,10.0.0.7,1644556151.793178,1644556151.818253,10.0.0.9,1644556151.8417149
weather,93,10.0.0.7,1644556151.7933402,1644556151.818549,10.0.0.10,1644556151.8417282
weather,433,10.0.0.7,1644556151.7932773,1644556151.8184319,10.0.0.9,1644556151.8417768
location,304,10.0.0.7,1644556151.7933736,1644556151.818605,10.0.0.10,1644556151.8417964
weather,93,10.0.0.7,1644556151.7933402,1644556151.818549,10.0.0.9,1644556151.841836
weather,89,10.0.0.7,1644556151.7934055,1644556151.818665,10.0.0.10,1644556151.841858
weather,89,10.0.0.7,1644556151.7934055,1644556151.818665,10.0.0.9,1644556151.841894
weather,478,10.0.0.7,1644556151.793439,1644556151.8187175,10.0.0.10,1644556151.8419182
weather,478,10.0.0.7,1644556151.793439,1644556151.8187175,10.0.0.9,1644556151.8419523
location,186,10.0.0.7,1644556151.7934704,1644556151.8187773,10.0.0.10,1644556151.8419771
weather,63,10.0.0.7,1644556151.7935038,1644556151.818829,10.0.0.9,1644556151.8420098
weather,63,10.0.0.7,1644556151.7935038,1644556151.818829,10.0.0.10,1644556151.842037
weather,8,10.0.0.7,1644556151.793535,1644556151.818889,10.0.0.9,1644556151.842067
weather,8,10.0.0.7,1644556151.793535,1644556151.818889,10.0.0.10,1644556151.8420959
weather,138,10.0.0.7,1644556151.7936304,1644556151.8191564,10.0.0.9,1644556151.842126
location,211,10.0.0.7,1644556151.793566,1644556151.81894,10.0.0.10,1644556151.842155
weather,286,10.0.0.7,1644556151.7936618,1644556151.8192322,10.0.0.9,1644556151.8421848
location,417,10.0.0.7,1644556151.793599,1644556151.8189986,10.0.0.10,1644556151.842213
weather,138,10.0.0.7,1644556151.7936304,1644556151.8191564,10.0.0.10,1644556151.8422792
weather,286,10.0.0.7,1644556151.7936618,1644556151.8192322,10.0.0.10,1644556151.8425484
location,211,10.0.0.7,1644556151.7936926,1644556151.8192868,10.0.0.10,1644556151.8427718
location,466,10.0.0.7,1644556151.793727,1644556151.819349,10.0.0.10,1644556151.842898
location,285,10.0.0.7,1644556151.7937582,1644556151.8194013,10.0.0.10,1644556151.8431673
weather,261,10.0.0.7,1644556151.7937896,1644556151.819461,10.0.0.10,1644556151.8432481
location,38,10.0.0.7,1644556151.7929826,1644556151.8177931,10.0.0.12,1644556151.8429854
location,436,10.0.0.7,1644556151.7938209,1644556151.8195133,10.0.0.10,1644556151.8433735
weather,360,10.0.0.7,1644556151.7930183,1644556151.817922,10.0.0.12,1644556151.8434122
weather,401,10.0.0.7,1644556151.7938552,1644556151.8195732,10.0.0.10,1644556151.8434875
weather,493,10.0.0.7,1644556151.793055,1644556151.8180387,10.0.0.12,1644556151.8435254
weather,463,10.0.0.7,1644556151.7938867,1644556151.8196268,10.0.0.10,1644556151.8435595
weather,27,10.0.0.7,1644556151.7930908,1644556151.8181112,10.0.0.12,1644556151.8435917
weather,230,10.0.0.7,1644556151.7939203,1644556151.819687,10.0.0.10,1644556151.8436341
location,192,10.0.0.7,1644556151.793136,1644556151.8181925,10.0.0.12,1644556151.8436663
location,469,10.0.0.7,1644556151.7939672,1644556151.8197458,10.0.0.10,1644556151.8437018
weather,350,10.0.0.7,1644556151.793178,1644556151.818253,10.0.0.12,1644556151.8437247
weather,74,10.0.0.7,1644556151.7939992,1644556151.8198066,10.0.0.10,1644556151.8437607
location,0,10.0.0.7,1644556151.7932112,1644556151.8183172,10.0.0.12,1644556151.8437812
location,345,10.0.0.7,1644556151.793246,1644556151.8183708,10.0.0.12,1644556151.8438373
weather,86,10.0.0.7,1644556151.7940304,1644556151.8200796,10.0.0.10,1644556151.843818
weather,433,10.0.0.7,1644556151.7932773,1644556151.8184319,10.0.0.12,1644556151.8439264
location,251,10.0.0.7,1644556151.794065,1644556151.8201737,10.0.0.10,1644556151.8439398
location,294,10.0.0.7,1644556151.7933087,1644556151.818487,10.0.0.12,1644556151.8439856
location,488,10.0.0.7,1644556151.7940965,1644556151.8202379,10.0.0.10,1644556151.844005
weather,93,10.0.0.7,1644556151.7933402,1644556151.818549,10.0.0.12,1644556151.8440416
location,309,10.0.0.7,1644556151.7941275,1644556151.8204012,10.0.0.10,1644556151.8440626
location,304,10.0.0.7,1644556151.7933736,1644556151.818605,10.0.0.12,1644556151.8440976
weather,139,10.0.0.7,1644556151.7941577,1644556151.8205519,10.0.0.10,1644556151.8441205
weather,89,10.0.0.7,1644556151.7934055,1644556151.818665,10.0.0.12,1644556151.8441527
weather,87,10.0.0.7,1644556151.7941906,1644556151.820614,10.0.0.10,1644556151.8441772
weather,478,10.0.0.7,1644556151.793439,1644556151.8187175,10.0.0.12,1644556151.8442075
weather,262,10.0.0.7,1644556151.7942288,1644556151.8206797,10.0.0.10,1644556151.8442333
location,186,10.0.0.7,1644556151.7934704,1644556151.8187773,10.0.0.12,1644556151.8442624
location,275,10.0.0.7,1644556151.7942612,1644556151.8207345,10.0.0.10,1644556151.8442895
weather,63,10.0.0.7,1644556151.7935038,1644556151.818829,10.0.0.12,1644556151.8443182
weather,448,10.0.0.7,1644556151.7942922,1644556151.8208013,10.0.0.10,1644556151.8443458
weather,8,10.0.0.7,1644556151.793535,1644556151.818889,10.0.0.12,1644556151.8443735
location,498,10.0.0.7,1644556151.7943234,1644556151.8208578,10.0.0.10,1644556151.8444028
location,211,10.0.0.7,1644556151.793566,1644556151.81894,10.0.0.12,1644556151.8444288
location,341,10.0.0.7,1644556151.7943542,1644556151.8209178,10.0.0.10,1644556151.8444588
location,417,10.0.0.7,1644556151.793599,1644556151.8189986,10.0.0.12,1644556151.8444843
weather,40,10.0.0.7,1644556151.794385,1644556151.8209689,10.0.0.10,1644556151.8445141
weather,138,10.0.0.7,1644556151.7936304,1644556151.8191564,10.0.0.12,1644556151.8445406
weather,337,10.0.0.7,1644556151.7944193,1644556151.8210285,10.0.0.10,1644556151.8445702
weather,286,10.0.0.7,1644556151.7936618,1644556151.8192322,10.0.0.12,1644556151.8445957
weather,101,10.0.0.7,1644556151.7944503,1644556151.8210795,10.0.0.10,1644556151.844626
location,211,10.0.0.7,1644556151.7936926,1644556151.8192868,10.0.0.12,1644556151.844651
location,353,10.0.0.7,1644556151.794481,1644556151.8212032,10.0.0.10,1644556151.8446817
location,466,10.0.0.7,1644556151.793727,1644556151.819349,10.0.0.12,1644556151.8447056
weather,263,10.0.0.7,1644556151.794514,1644556151.8212771,10.0.0.10,1644556151.8447373
location,285,10.0.0.7,1644556151.7937582,1644556151.8194013,10.0.0.12,1644556151.8447604
weather,77,10.0.0.7,1644556151.7945454,1644556151.821341,10.0.0.10,1644556151.8447933
weather,261,10.0.0.7,1644556151.7937896,1644556151.819461,10.0.0.12,1644556151.8448148
location,285,10.0.0.7,1644556151.7945771,1644556151.8213918,10.0.0.10,1644556151.8448498
location,436,10.0.0.7,1644556151.7938209,1644556151.8195133,10.0.0.12,1644556151.8448694
location,25,10.0.0.7,1644556151.7946107,1644556151.8214502,10.0.0.10,1644556151.8449056
weather,401,10.0.0.7,1644556151.7938552,1644556151.8195732,10.0.0.12,1644556151.8449237
weather,222,10.0.0.7,1644556151.7946422,1644556151.8215013,10.0.0.10,1644556151.8449616
weather,463,10.0.0.7,1644556151.7938867,1644556151.8196268,10.0.0.12,1644556151.8449793
location,376,10.0.0.7,1644556151.7946734,1644556151.8218706,10.0.0.10,1644556151.8450167
weather,230,10.0.0.7,1644556151.7939203,1644556151.819687,10.0.0.12,1644556151.8450341
location,469,10.0.0.7,1644556151.7939672,1644556151.8197458,10.0.0.12,1644556151.8450902
weather,74,10.0.0.7,1644556151.7939992,1644556151.8198066,10.0.0.12,1644556151.845145
location,466,10.0.0.7,1644556151.793727,1644556151.819349,10.0.0.8,1644556151.8451467
weather,86,10.0.0.7,1644556151.7940304,1644556151.8200796,10.0.0.12,1644556151.8452015
location,285,10.0.0.7,1644556151.7937582,1644556151.8194013,10.0.0.8,1644556151.8452275
location,251,10.0.0.7,1644556151.794065,1644556151.8201737,10.0.0.12,1644556151.8452575
location,488,10.0.0.7,1644556151.7940965,1644556151.8202379,10.0.0.12,1644556151.8455577
location,309,10.0.0.7,1644556151.7941275,1644556151.8204012,10.0.0.12,1644556151.8456326
location,436,10.0.0.7,1644556151.7938209,1644556151.8195133,10.0.0.8,1644556151.8454957
weather,139,10.0.0.7,1644556151.7941577,1644556151.8205519,10.0.0.12,1644556151.8457532
weather,87,10.0.0.7,1644556151.7941906,1644556151.820614,10.0.0.12,1644556151.8458169
location,469,10.0.0.7,1644556151.7939672,1644556151.8197458,10.0.0.8,1644556151.8458152
weather,262,10.0.0.7,1644556151.7942288,1644556151.8206797,10.0.0.12,1644556151.8458748
location,275,10.0.0.7,1644556151.7942612,1644556151.8207345,10.0.0.12,1644556151.8459337
location,251,10.0.0.7,1644556151.794065,1644556151.8201737,10.0.0.8,1644556151.8459442
weather,448,10.0.0.7,1644556151.7942922,1644556151.8208013,10.0.0.12,1644556151.8459945
location,488,10.0.0.7,1644556151.7940965,1644556151.8202379,10.0.0.8,1644556151.846015
location,498,10.0.0.7,1644556151.7943234,1644556151.8208578,10.0.0.12,1644556151.8460526
location,309,10.0.0.7,1644556151.7941275,1644556151.8204012,10.0.0.8,1644556151.8460793
location,341,10.0.0.7,1644556151.7943542,1644556151.8209178,10.0.0.12,1644556151.8461092
location,275,10.0.0.7,1644556151.7942612,1644556151.8207345,10.0.0.8,1644556151.8461392
weather,40,10.0.0.7,1644556151.794385,1644556151.8209689,10.0.0.12,1644556151.8461645
location,498,10.0.0.7,1644556151.7943234,1644556151.8208578,10.0.0.8,1644556151.846198
location,341,10.0.0.7,1644556151.7943542,1644556151.8209178,10.0.0.8,1644556151.8462567
location,353,10.0.0.7,1644556151.794481,1644556151.8212032,10.0.0.8,1644556151.846314
location,285,10.0.0.7,1644556151.7945771,1644556151.8213918,10.0.0.8,1644556151.846413
weather,261,10.0.0.7,1644556151.7937896,1644556151.819461,10.0.0.11,1644556151.846435
location,25,10.0.0.7,1644556151.7946107,1644556151.8214502,10.0.0.8,1644556151.8464758
weather,401,10.0.0.7,1644556151.7938552,1644556151.8195732,10.0.0.11,1644556151.8465219
location,376,10.0.0.7,1644556151.7946734,1644556151.8218706,10.0.0.8,1644556151.8465343
weather,463,10.0.0.7,1644556151.7938867,1644556151.8196268,10.0.0.11,1644556151.8465846
location,465,10.0.0.7,1644556151.7947044,1644556151.8219285,10.0.0.8,1644556151.8465908
weather,230,10.0.0.7,1644556151.7939203,1644556151.819687,10.0.0.11,1644556151.8466434
location,248,10.0.0.7,1644556151.7947354,1644556151.8219943,10.0.0.8,1644556151.8466473
weather,74,10.0.0.7,1644556151.7939992,1644556151.8198066,10.0.0.11,1644556151.8467004
location,113,10.0.0.7,1644556151.794919,1644556151.822159,10.0.0.8,1644556151.8467052
weather,86,10.0.0.7,1644556151.7940304,1644556151.8200796,10.0.0.11,1644556151.846757
location,465,10.0.0.7,1644556151.7949815,1644556151.8222744,10.0.0.8,1644556151.846763
weather,139,10.0.0.7,1644556151.7941577,1644556151.8205519,10.0.0.11,1644556151.8468814
location,362,10.0.0.7,1644556151.7950127,1644556151.822334,10.0.0.8,1644556151.8468883
weather,87,10.0.0.7,1644556151.7941906,1644556151.820614,10.0.0.11,1644556151.8469443
location,302,10.0.0.7,1644556151.7950432,1644556151.8223875,10.0.0.8,1644556151.8469515
weather,262,10.0.0.7,1644556151.7942288,1644556151.8206797,10.0.0.11,1644556151.8470018
location,155,10.0.0.7,1644556151.7950737,1644556151.822446,10.0.0.8,1644556151.8470085
weather,448,10.0.0.7,1644556151.7942922,1644556151.8208013,10.0.0.11,1644556151.8470592
location,204,10.0.0.7,1644556151.7951047,1644556151.8225055,10.0.0.8,1644556151.8470666
weather,40,10.0.0.7,1644556151.794385,1644556151.8209689,10.0.0.11,1644556151.8471234
location,197,10.0.0.7,1644556151.7951672,1644556151.8226242,10.0.0.8,1644556151.8471255
weather,337,10.0.0.7,1644556151.7944193,1644556151.8210285,10.0.0.11,1644556151.8471808
location,17,10.0.0.7,1644556151.7951984,1644556151.822678,10.0.0.8,1644556151.8471842
weather,101,10.0.0.7,1644556151.7944503,1644556151.8210795,10.0.0.11,1644556151.8472364
location,496,10.0.0.7,1644556151.7953036,1644556151.8228486,10.0.0.8,1644556151.8472412
weather,263,10.0.0.7,1644556151.794514,1644556151.8212771,10.0.0.11,1644556151.8472915
location,434,10.0.0.7,1644556151.795366,1644556151.8229592,10.0.0.8,1644556151.847297
weather,77,10.0.0.7,1644556151.7945454,1644556151.821341,10.0.0.11,1644556151.847346
location,245,10.0.0.7,1644556151.7954583,1644556151.8231895,10.0.0.8,1644556151.847353
weather,222,10.0.0.7,1644556151.7946422,1644556151.8215013,10.0.0.11,1644556151.8474007
location,138,10.0.0.7,1644556151.7954893,1644556151.8232515,10.0.0.8,1644556151.8474092
weather,93,10.0.0.7,1644556151.7947674,1644556151.8220468,10.0.0.11,1644556151.8474572
location,66,10.0.0.7,1644556151.7955236,1644556151.8233118,10.0.0.8,1644556151.8474653
weather,483,10.0.0.7,1644556151.7948806,1644556151.8221066,10.0.0.11,1644556151.8475137
location,71,10.0.0.7,1644556151.795555,1644556151.8233707,10.0.0.8,1644556151.8475215
weather,172,10.0.0.7,1644556151.7949502,1644556151.8222182,10.0.0.11,1644556151.8475697
location,79,10.0.0.7,1644556151.7956161,1644556151.8234887,10.0.0.8,1644556151.8475773
weather,455,10.0.0.7,1644556151.7951355,1644556151.8225646,10.0.0.11,1644556151.847625
location,318,10.0.0.7,1644556151.795647,1644556151.8235414,10.0.0.8,1644556151.8476334
weather,407,10.0.0.7,1644556151.7952418,1644556151.8227367,10.0.0.11,1644556151.8476799
weather,261,10.0.0.7,1644556151.7937896,1644556151.819461,10.0.0.9,1644556151.8478293
weather,401,10.0.0.7,1644556151.7938552,1644556151.8195732,10.0.0.9,1644556151.847966
weather,463,10.0.0.7,1644556151.7938867,1644556151.8196268,10.0.0.9,1644556151.8480356
weather,230,10.0.0.7,1644556151.7939203,1644556151.819687,10.0.0.9,1644556151.8480947
weather,74,10.0.0.7,1644556151.7939992,1644556151.8198066,10.0.0.9,1644556151.8481524
weather,86,10.0.0.7,1644556151.7940304,1644556151.8200796,10.0.0.9,1644556151.8482094
weather,139,10.0.0.7,1644556151.7941577,1644556151.8205519,10.0.0.9,1644556151.8482652
weather,87,10.0.0.7,1644556151.7941906,1644556151.820614,10.0.0.9,1644556151.848369
weather,262,10.0.0.7,1644556151.7942288,1644556151.8206797,10.0.0.9,1644556151.848486
weather,448,10.0.0.7,1644556151.7942922,1644556151.8208013,10.0.0.9,1644556151.8486
weather,40,10.0.0.7,1644556151.794385,1644556151.8209689,10.0.0.9,1644556151.8487868
location,55,10.0.0.7,1644556151.7956774,1644556151.8235996,10.0.0.8,1644556151.848789
location,114,10.0.0.7,1644556151.7957082,1644556151.823686,10.0.0.8,1644556151.848972
weather,337,10.0.0.7,1644556151.7944193,1644556151.8210285,10.0.0.9,1644556151.8488805
location,151,10.0.0.7,1644556151.7957695,1644556151.823812,10.0.0.8,1644556151.849061
weather,337,10.0.0.7,1644556151.7944193,1644556151.8210285,10.0.0.12,1644556151.8462238
weather,101,10.0.0.7,1644556151.7944503,1644556151.8210795,10.0.0.12,1644556151.8492658
location,353,10.0.0.7,1644556151.794481,1644556151.8212032,10.0.0.12,1644556151.8493626
weather,286,10.0.0.7,1644556151.7952726,1644556151.82279,10.0.0.11,1644556151.8493705
weather,263,10.0.0.7,1644556151.794514,1644556151.8212771,10.0.0.12,1644556151.8494382
weather,77,10.0.0.7,1644556151.7945454,1644556151.821341,10.0.0.12,1644556151.8495083
weather,101,10.0.0.7,1644556151.7944503,1644556151.8210795,10.0.0.9,1644556151.8492908
location,285,10.0.0.7,1644556151.7945771,1644556151.8213918,10.0.0.12,1644556151.8495762
location,25,10.0.0.7,1644556151.7946107,1644556151.8214502,10.0.0.12,1644556151.849643
weather,222,10.0.0.7,1644556151.7946422,1644556151.8215013,10.0.0.12,1644556151.8497608
weather,323,10.0.0.7,1644556151.7953348,1644556151.8229008,10.0.0.11,1644556151.8496656
location,376,10.0.0.7,1644556151.7946734,1644556151.8218706,10.0.0.12,1644556151.8498921
weather,263,10.0.0.7,1644556151.794514,1644556151.8212771,10.0.0.9,1644556151.8500113
location,465,10.0.0.7,1644556151.7947044,1644556151.8219285,10.0.0.12,1644556151.850206
weather,77,10.0.0.7,1644556151.7945454,1644556151.821341,10.0.0.9,1644556151.85024
location,248,10.0.0.7,1644556151.7947354,1644556151.8219943,10.0.0.12,1644556151.8502946
weather,93,10.0.0.7,1644556151.7947674,1644556151.8220468,10.0.0.12,1644556151.850413
weather,483,10.0.0.7,1644556151.7948806,1644556151.8221066,10.0.0.12,1644556151.8504965
weather,50,10.0.0.7,1644556151.795397,1644556151.8230119,10.0.0.11,1644556151.850576
location,113,10.0.0.7,1644556151.794919,1644556151.822159,10.0.0.12,1644556151.8505933
weather,172,10.0.0.7,1644556151.7949502,1644556151.8222182,10.0.0.12,1644556151.8506663
weather,222,10.0.0.7,1644556151.7946422,1644556151.8215013,10.0.0.9,1644556151.850441
location,465,10.0.0.7,1644556151.7949815,1644556151.8222744,10.0.0.12,1644556151.8507338
location,362,10.0.0.7,1644556151.7950127,1644556151.822334,10.0.0.12,1644556151.8508058
location,302,10.0.0.7,1644556151.7950432,1644556151.8223875,10.0.0.12,1644556151.8508718
location,155,10.0.0.7,1644556151.7950737,1644556151.822446,10.0.0.12,1644556151.8509371
location,204,10.0.0.7,1644556151.7951047,1644556151.8225055,10.0.0.12,1644556151.8510025
weather,172,10.0.0.7,1644556151.7954278,1644556151.8231165,10.0.0.11,1644556151.8508315
weather,455,10.0.0.7,1644556151.7951355,1644556151.8225646,10.0.0.12,1644556151.851143
location,197,10.0.0.7,1644556151.7951672,1644556151.8226242,10.0.0.12,1644556151.8512163
weather,302,10.0.0.7,1644556151.795586,1644556151.8234293,10.0.0.11,1644556151.8513088
weather,93,10.0.0.7,1644556151.7947674,1644556151.8220468,10.0.0.9,1644556151.8510208
weather,483,10.0.0.7,1644556151.7948806,1644556151.8221066,10.0.0.9,1644556151.8514163
weather,458,10.0.0.7,1644556151.7957387,1644556151.8237522,10.0.0.11,1644556151.8515124
weather,172,10.0.0.7,1644556151.7949502,1644556151.8222182,10.0.0.9,1644556151.8516073
weather,64,10.0.0.7,1644556151.795802,1644556151.8238642,10.0.0.11,1644556151.852258
weather,455,10.0.0.7,1644556151.7951355,1644556151.8225646,10.0.0.9,1644556151.852415
weather,407,10.0.0.7,1644556151.7952418,1644556151.8227367,10.0.0.9,1644556151.8525052
weather,15,10.0.0.7,1644556151.7958949,1644556151.824042,10.0.0.11,1644556151.852653
weather,286,10.0.0.7,1644556151.7952726,1644556151.82279,10.0.0.9,1644556151.8528097
weather,378,10.0.0.7,1644556151.7963536,1644556151.8241966,10.0.0.11,1644556151.8529024
weather,66,10.0.0.7,1644556151.7964225,1644556151.8242786,10.0.0.11,1644556151.853106
weather,323,10.0.0.7,1644556151.7953348,1644556151.8229008,10.0.0.9,1644556151.8532374
weather,295,10.0.0.7,1644556151.796488,1644556151.824385,10.0.0.11,1644556151.853336
weather,50,10.0.0.7,1644556151.795397,1644556151.8230119,10.0.0.9,1644556151.8534212
weather,187,10.0.0.7,1644556151.796602,1644556151.8245168,10.0.0.11,1644556151.8535159
weather,172,10.0.0.7,1644556151.7954278,1644556151.8231165,10.0.0.9,1644556151.8535998
weather,302,10.0.0.7,1644556151.795586,1644556151.8234293,10.0.0.9,1644556151.8537176
weather,458,10.0.0.7,1644556151.7957387,1644556151.8237522,10.0.0.9,1644556151.8537967
weather,64,10.0.0.7,1644556151.795802,1644556151.8238642,10.0.0.9,1644556151.8539476
weather,15,10.0.0.7,1644556151.7958949,1644556151.824042,10.0.0.9,1644556151.8540308
weather,378,10.0.0.7,1644556151.7963536,1644556151.8241966,10.0.0.9,1644556151.8541014
weather,66,10.0.0.7,1644556151.7964225,1644556151.8242786,10.0.0.9,1644556151.8541706
weather,295,10.0.0.7,1644556151.796488,1644556151.824385,10.0.0.9,1644556151.8542378
weather,187,10.0.0.7,1644556151.796602,1644556151.8245168,10.0.0.9,1644556151.854306
location,126,10.0.0.7,1644556151.795833,1644556151.8239229,10.0.0.8,1644556151.8807275
location,221,10.0.0.7,1644556151.7958639,1644556151.8239832,10.0.0.8,1644556151.8809073
location,17,10.0.0.7,1644556151.7951984,1644556151.822678,10.0.0.12,1644556151.8808508
location,310,10.0.0.7,1644556151.7965465,1644556151.8244526,10.0.0.8,1644556151.8809896
location,418,10.0.0.7,1644556151.7966573,1644556151.8245819,10.0.0.8,1644556151.8810635
location,298,10.0.0.7,1644556151.796712,1644556151.8246498,10.0.0.8,1644556151.881134
weather,407,10.0.0.7,1644556151.7952418,1644556151.8227367,10.0.0.12,1644556151.8811047
weather,286,10.0.0.7,1644556151.7952726,1644556151.82279,10.0.0.12,1644556151.8812706
location,465,10.0.0.7,1644556151.7947044,1644556151.8219285,10.0.0.10,1644556151.881239
location,248,10.0.0.7,1644556151.7947354,1644556151.8219943,10.0.0.10,1644556151.8813972
location,496,10.0.0.7,1644556151.7953036,1644556151.8228486,10.0.0.12,1644556151.8814259
weather,93,10.0.0.7,1644556151.7947674,1644556151.8220468,10.0.0.10,1644556151.8814816
weather,483,10.0.0.7,1644556151.7948806,1644556151.8221066,10.0.0.10,1644556151.8815484
weather,323,10.0.0.7,1644556151.7953348,1644556151.8229008,10.0.0.12,1644556151.8815548
location,113,10.0.0.7,1644556151.794919,1644556151.822159,10.0.0.10,1644556151.881617
weather,172,10.0.0.7,1644556151.7949502,1644556151.8222182,10.0.0.10,1644556151.8816965
location,434,10.0.0.7,1644556151.795366,1644556151.8229592,10.0.0.12,1644556151.8817225
location,465,10.0.0.7,1644556151.7949815,1644556151.8222744,10.0.0.10,1644556151.8817604
location,362,10.0.0.7,1644556151.7950127,1644556151.822334,10.0.0.10,1644556151.881863
location,302,10.0.0.7,1644556151.7950432,1644556151.8223875,10.0.0.10,1644556151.881932
weather,50,10.0.0.7,1644556151.795397,1644556151.8230119,10.0.0.12,1644556151.881894
location,155,10.0.0.7,1644556151.7950737,1644556151.822446,10.0.0.10,1644556151.881996
location,204,10.0.0.7,1644556151.7951047,1644556151.8225055,10.0.0.10,1644556151.8820596
weather,172,10.0.0.7,1644556151.7954278,1644556151.8231165,10.0.0.12,1644556151.8820772
weather,455,10.0.0.7,1644556151.7951355,1644556151.8225646,10.0.0.10,1644556151.8821232
location,197,10.0.0.7,1644556151.7951672,1644556151.8226242,10.0.0.10,1644556151.8821874
location,17,10.0.0.7,1644556151.7951984,1644556151.822678,10.0.0.10,1644556151.8822515
location,245,10.0.0.7,1644556151.7954583,1644556151.8231895,10.0.0.12,1644556151.882223
weather,407,10.0.0.7,1644556151.7952418,1644556151.8227367,10.0.0.10,1644556151.882315
weather,286,10.0.0.7,1644556151.7952726,1644556151.82279,10.0.0.10,1644556151.8823771
location,496,10.0.0.7,1644556151.7953036,1644556151.8228486,10.0.0.10,1644556151.88244
location,138,10.0.0.7,1644556151.7954893,1644556151.8232515,10.0.0.12,1644556151.882404
weather,323,10.0.0.7,1644556151.7953348,1644556151.8229008,10.0.0.10,1644556151.8825028
location,434,10.0.0.7,1644556151.795366,1644556151.8229592,10.0.0.10,1644556151.8825662
location,66,10.0.0.7,1644556151.7955236,1644556151.8233118,10.0.0.12,1644556151.8825824
weather,50,10.0.0.7,1644556151.795397,1644556151.8230119,10.0.0.10,1644556151.8826444
weather,172,10.0.0.7,1644556151.7954278,1644556151.8231165,10.0.0.10,1644556151.8827412
location,71,10.0.0.7,1644556151.795555,1644556151.8233707,10.0.0.12,1644556151.8827436
location,245,10.0.0.7,1644556151.7954583,1644556151.8231895,10.0.0.10,1644556151.8828137
location,138,10.0.0.7,1644556151.7954893,1644556151.8232515,10.0.0.10,1644556151.8828804
weather,302,10.0.0.7,1644556151.795586,1644556151.8234293,10.0.0.12,1644556151.8828979
location,66,10.0.0.7,1644556151.7955236,1644556151.8233118,10.0.0.10,1644556151.8829474
location,71,10.0.0.7,1644556151.795555,1644556151.8233707,10.0.0.10,1644556151.8830147
location,79,10.0.0.7,1644556151.7956161,1644556151.8234887,10.0.0.12,1644556151.883051
weather,302,10.0.0.7,1644556151.795586,1644556151.8234293,10.0.0.10,1644556151.8832052
location,79,10.0.0.7,1644556151.7956161,1644556151.8234887,10.0.0.10,1644556151.8834474
location,318,10.0.0.7,1644556151.795647,1644556151.8235414,10.0.0.10,1644556151.8835392
location,318,10.0.0.7,1644556151.795647,1644556151.8235414,10.0.0.12,1644556151.88354
location,55,10.0.0.7,1644556151.7956774,1644556151.8235996,10.0.0.10,1644556151.883612
location,114,10.0.0.7,1644556151.7957082,1644556151.823686,10.0.0.10,1644556151.8836935
weather,458,10.0.0.7,1644556151.7957387,1644556151.8237522,10.0.0.10,1644556151.8837588
location,55,10.0.0.7,1644556151.7956774,1644556151.8235996,10.0.0.12,1644556151.8837264
location,151,10.0.0.7,1644556151.7957695,1644556151.823812,10.0.0.10,1644556151.883822
weather,64,10.0.0.7,1644556151.795802,1644556151.8238642,10.0.0.10,1644556151.883886
location,126,10.0.0.7,1644556151.795833,1644556151.8239229,10.0.0.10,1644556151.8839488
location,114,10.0.0.7,1644556151.7957082,1644556151.823686,10.0.0.12,1644556151.8839126
location,221,10.0.0.7,1644556151.7958639,1644556151.8239832,10.0.0.10,1644556151.8840117
weather,15,10.0.0.7,1644556151.7958949,1644556151.824042,10.0.0.10,1644556151.8840744
weather,378,10.0.0.7,1644556151.7963536,1644556151.8241966,10.0.0.10,1644556151.884137
weather,458,10.0.0.7,1644556151.7957387,1644556151.8237522,10.0.0.12,1644556151.8840957
weather,66,10.0.0.7,1644556151.7964225,1644556151.8242786,10.0.0.10,1644556151.8841991
weather,295,10.0.0.7,1644556151.796488,1644556151.824385,10.0.0.10,1644556151.8842607
location,151,10.0.0.7,1644556151.7957695,1644556151.823812,10.0.0.12,1644556151.884278
location,310,10.0.0.7,1644556151.7965465,1644556151.8244526,10.0.0.10,1644556151.8843222
weather,187,10.0.0.7,1644556151.796602,1644556151.8245168,10.0.0.10,1644556151.8843865
location,418,10.0.0.7,1644556151.7966573,1644556151.8245819,10.0.0.10,1644556151.884448
weather,64,10.0.0.7,1644556151.795802,1644556151.8238642,10.0.0.12,1644556151.8844588
location,298,10.0.0.7,1644556151.796712,1644556151.8246498,10.0.0.10,1644556151.8845093
location,126,10.0.0.7,1644556151.795833,1644556151.8239229,10.0.0.12,1644556151.8845747
location,221,10.0.0.7,1644556151.7958639,1644556151.8239832,10.0.0.12,1644556151.884651
weather,15,10.0.0.7,1644556151.7958949,1644556151.824042,10.0.0.12,1644556151.8847225
weather,378,10.0.0.7,1644556151.7963536,1644556151.8241966,10.0.0.12,1644556151.8847938
weather,66,10.0.0.7,1644556151.7964225,1644556151.8242786,10.0.0.12,1644556151.8848648
weather,295,10.0.0.7,1644556151.796488,1644556151.824385,10.0.0.12,1644556151.884934
location,310,10.0.0.7,1644556151.7965465,1644556151.8244526,10.0.0.12,1644556151.885002
weather,187,10.0.0.7,1644556151.796602,1644556151.8245168,10.0.0.12,1644556151.8850703
location,418,10.0.0.7,1644556151.7966573,1644556151.8245819,10.0.0.12,1644556151.8851392
location,298,10.0.0.7,1644556151.796712,1644556151.8246498,10.0.0.12,1644556151.8852074
