location,452,10.0.0.3,1647664079.507121,0,10.0.0.4,1647664079.5284307
altitude,190,10.0.0.3,1647664079.7164822,0,10.0.0.4,1647664079.7383955
airquality,131,10.0.0.3,1647664079.816964,0,10.0.0.4,1647664079.8387134
temperature,248,10.0.0.3,1647664079.9175808,0,10.0.0.4,1647664079.938737
sound,83,10.0.0.3,1647664080.0193207,0,10.0.0.4,1647664080.0403953
weather,92,10.0.0.3,1647664080.1196582,0,10.0.0.4,1647664080.1413212
temperature,94,10.0.0.3,1647664080.2198434,0,10.0.0.4,1647664080.2412345
humidity,434,10.0.0.3,1647664080.4204695,0,10.0.0.4,1647664080.4416358
altitude,384,10.0.0.3,1647664080.5209498,0,10.0.0.4,1647664080.5420823
altitude,191,10.0.0.3,1647664080.6214118,0,10.0.0.4,1647664080.6419325
airquality,121,10.0.0.3,1647664080.721865,0,10.0.0.4,1647664080.746026
temperature,452,10.0.0.3,1647664080.8228774,0,10.0.0.4,1647664080.8440013
sound,8,10.0.0.3,1647664080.9246585,0,10.0.0.4,1647664080.946861
humidity,88,10.0.0.3,1647664081.0262525,0,10.0.0.4,1647664081.0482335
sound,482,10.0.0.3,1647664081.1275604,0,10.0.0.4,1647664081.1493251
altitude,79,10.0.0.3,1647664081.2289357,0,10.0.0.4,1647664081.2504003
weather,18,10.0.0.3,1647664081.3297806,0,10.0.0.4,1647664081.3506145
airquality,61,10.0.0.3,1647664081.5333054,0,10.0.0.4,1647664081.5537596
humidity,329,10.0.0.3,1647664081.657268,0,10.0.0.4,1647664081.7103448
location,392,10.0.0.3,1647664081.760775,0,10.0.0.4,1647664081.7878864
temperature,245,10.0.0.3,1647664081.8658955,0,10.0.0.4,1647664081.8862894
weather,466,10.0.0.3,1647664081.96623,0,10.0.0.4,1647664081.987226
pressure,394,10.0.0.3,1647664082.0816648,0,10.0.0.4,1647664082.1024716
weather,14,10.0.0.3,1647664082.182336,0,10.0.0.4,1647664082.2036757
pressure,438,10.0.0.3,1647664082.2828941,0,10.0.0.4,1647664082.3081563
altitude,14,10.0.0.3,1647664082.3849208,0,10.0.0.4,1647664082.4068012
sound,206,10.0.0.3,1647664082.5994122,0,10.0.0.4,1647664082.6200264
pressure,242,10.0.0.3,1647664082.7000113,0,10.0.0.4,1647664082.7266724
sound,160,10.0.0.3,1647664083.0294244,0,10.0.0.4,1647664083.0509636
sound,121,10.0.0.3,1647664083.1301813,0,10.0.0.4,1647664083.151256
weather,246,10.0.0.3,1647664083.2310033,0,10.0.0.4,1647664083.2522686
airquality,274,10.0.0.3,1647664083.3404922,0,10.0.0.4,1647664083.3672404
temperature,101,10.0.0.3,1647664083.4411266,0,10.0.0.4,1647664083.4632418
altitude,87,10.0.0.3,1647664083.541613,0,10.0.0.4,1647664083.562811
altitude,254,10.0.0.3,1647664083.649092,0,10.0.0.4,1647664083.6720948
altitude,90,10.0.0.3,1647664083.749632,0,10.0.0.4,1647664083.7705216
altitude,444,10.0.0.3,1647664083.8509037,0,10.0.0.4,1647664083.8728166
humidity,65,10.0.0.3,1647664083.9549005,0,10.0.0.4,1647664083.9759564
humidity,214,10.0.0.3,1647664084.055874,0,10.0.0.4,1647664084.0781896
airquality,363,10.0.0.3,1647664084.1702263,0,10.0.0.4,1647664084.1977742
sound,333,10.0.0.3,1647664084.2711618,0,10.0.0.4,1647664084.2920537
weather,233,10.0.0.3,1647664084.4732203,0,10.0.0.4,1647664084.498361
pressure,23,10.0.0.3,1647664084.580448,0,10.0.0.4,1647664084.6014447
weather,492,10.0.0.3,1647664084.6814392,0,10.0.0.4,1647664084.7022057
altitude,497,10.0.0.3,1647664084.7819352,0,10.0.0.4,1647664084.8045971
sound,240,10.0.0.3,1647664084.8866405,0,10.0.0.4,1647664084.9149394
pressure,94,10.0.0.3,1647664085.0890877,0,10.0.0.4,1647664085.1162524
pressure,111,10.0.0.3,1647664085.2907422,0,10.0.0.4,1647664085.3160713
location,456,10.0.0.3,1647664085.3911939,0,10.0.0.4,1647664085.4157062
altitude,221,10.0.0.3,1647664085.4926574,0,10.0.0.4,1647664085.5143888
airquality,256,10.0.0.3,1647664085.6964831,0,10.0.0.4,1647664085.7172801
altitude,342,10.0.0.3,1647664085.8009298,0,10.0.0.4,1647664085.821745
location,321,10.0.0.3,1647664086.0032432,0,10.0.0.4,1647664086.025454
humidity,25,10.0.0.3,1647664086.2040806,0,10.0.0.4,1647664086.2252352
sound,478,10.0.0.3,1647664086.3045192,0,10.0.0.4,1647664086.325389
location,489,10.0.0.3,1647664086.60624,0,10.0.0.4,1647664086.62738
pressure,193,10.0.0.3,1647664086.8102396,0,10.0.0.4,1647664086.8322923
humidity,78,10.0.0.3,1647664086.9107623,0,10.0.0.4,1647664086.931898
humidity,308,10.0.0.3,1647664087.1321008,0,10.0.0.4,1647664087.1550305
humidity,391,10.0.0.3,1647664087.2371187,0,10.0.0.4,1647664087.257953
airquality,323,10.0.0.3,1647664087.5597236,0,10.0.0.4,1647664087.5802789
pressure,20,10.0.0.3,1647664087.6631377,0,10.0.0.4,1647664087.6891932
airquality,437,10.0.0.3,1647664087.7634866,0,10.0.0.4,1647664087.7851963
location,167,10.0.0.3,1647664087.871443,0,10.0.0.4,1647664087.893839
airquality,312,10.0.0.3,1647664087.9814992,0,10.0.0.4,1647664088.002127
weather,427,10.0.0.3,1647664088.0817385,0,10.0.0.4,1647664088.1032212
temperature,478,10.0.0.3,1647664088.1831002,0,10.0.0.4,1647664088.204611
weather,198,10.0.0.3,1647664088.2832873,0,10.0.0.4,1647664088.3043385
airquality,459,10.0.0.3,1647664088.3977556,0,10.0.0.4,1647664088.4192042
humidity,28,10.0.0.3,1647664088.4988196,0,10.0.0.4,1647664088.5200486
pressure,28,10.0.0.3,1647664088.6062102,0,10.0.0.4,1647664088.6293979
altitude,420,10.0.0.3,1647664088.7110991,0,10.0.0.4,1647664088.7374718
airquality,143,10.0.0.3,1647664088.8116248,0,10.0.0.4,1647664088.8382292
humidity,17,10.0.0.3,1647664088.9121346,0,10.0.0.4,1647664088.9331717
humidity,36,10.0.0.3,1647664089.0332303,0,10.0.0.4,1647664089.0564473
sound,369,10.0.0.3,1647664089.1337104,0,10.0.0.4,1647664089.164435
location,0,10.0.0.3,1647664089.2388024,0,10.0.0.4,1647664089.2593014
pressure,165,10.0.0.3,1647664089.3391407,0,10.0.0.4,1647664089.3608654
location,212,10.0.0.3,1647664089.4543798,0,10.0.0.4,1647664089.4777744
airquality,269,10.0.0.3,1647664089.5568576,0,10.0.0.4,1647664089.5775273
temperature,60,10.0.0.3,1647664089.6571705,0,10.0.0.4,1647664089.681052
weather,38,10.0.0.3,1647664089.7652495,0,10.0.0.4,1647664089.7897604
pressure,409,10.0.0.3,1647664089.86852,0,10.0.0.4,1647664089.8893983
weather,270,10.0.0.3,1647664090.0553622,0,10.0.0.4,1647664090.0843124
location,46,10.0.0.3,1647664090.166728,0,10.0.0.4,1647664090.1976628
sound,172,10.0.0.3,1647664090.4710526,0,10.0.0.4,1647664090.4930043
airquality,181,10.0.0.3,1647664090.5716677,0,10.0.0.4,1647664090.5939763
humidity,74,10.0.0.3,1647664090.8045988,0,10.0.0.4,1647664090.8269904
weather,74,10.0.0.3,1647664090.9048097,0,10.0.0.4,1647664090.930954
sound,23,10.0.0.3,1647664091.0207758,0,10.0.0.4,1647664091.041887
humidity,291,10.0.0.3,1647664091.121653,0,10.0.0.4,1647664091.1423032
temperature,449,10.0.0.3,1647664091.2290342,0,10.0.0.4,1647664091.2512796
humidity,163,10.0.0.3,1647664091.3293781,0,10.0.0.4,1647664091.3506088
altitude,209,10.0.0.3,1647664091.4329467,0,10.0.0.4,1647664091.4536505
temperature,70,10.0.0.3,1647664091.63425,0,10.0.0.4,1647664091.6558595
location,477,10.0.0.3,1647664091.7346907,0,10.0.0.4,1647664091.7620814
airquality,213,10.0.0.3,1647664091.8534727,0,10.0.0.4,1647664091.8809433
altitude,336,10.0.0.3,1647664091.971615,0,10.0.0.4,1647664091.9993515
airquality,120,10.0.0.3,1647664092.0739725,0,10.0.0.4,1647664092.104959
pressure,431,10.0.0.3,1647664092.1741533,0,10.0.0.4,1647664092.1949768
sound,480,10.0.0.3,1647664092.2793024,0,10.0.0.4,1647664092.300889
altitude,207,10.0.0.3,1647664092.381882,0,10.0.0.4,1647664092.402355
humidity,184,10.0.0.3,1647664092.483309,0,10.0.0.4,1647664092.5039032
humidity,25,10.0.0.3,1647664092.583796,0,10.0.0.4,1647664092.6051898
weather,223,10.0.0.3,1647664092.7071717,0,10.0.0.4,1647664092.727974
pressure,431,10.0.0.3,1647664092.8075876,0,10.0.0.4,1647664092.8310487
temperature,338,10.0.0.3,1647664092.9079466,0,10.0.0.4,1647664092.9290955
location,155,10.0.0.3,1647664093.0084558,0,10.0.0.4,1647664093.029633
location,489,10.0.0.3,1647664093.1087224,0,10.0.0.4,1647664093.1299636
sound,116,10.0.0.3,1647664093.2090888,0,10.0.0.4,1647664093.2297206
temperature,440,10.0.0.3,1647664093.3094046,0,10.0.0.4,1647664093.3325853
airquality,427,10.0.0.3,1647664093.432712,0,10.0.0.4,1647664093.4546542
altitude,14,10.0.0.3,1647664093.5333076,0,10.0.0.4,1647664093.554004
sound,370,10.0.0.3,1647664093.633922,0,10.0.0.4,1647664093.6555753
pressure,274,10.0.0.3,1647664093.7491403,0,10.0.0.4,1647664093.772427
location,386,10.0.0.3,1647664093.852656,0,10.0.0.4,1647664093.8732471
altitude,439,10.0.0.3,1647664093.9529822,0,10.0.0.4,1647664093.9742875
sound,172,10.0.0.3,1647664094.0858335,0,10.0.0.4,1647664094.1071599
temperature,183,10.0.0.3,1647664094.4146616,0,10.0.0.4,1647664094.436735
altitude,220,10.0.0.3,1647664094.5183682,0,10.0.0.4,1647664094.5398977
sound,485,10.0.0.3,1647664094.720894,0,10.0.0.4,1647664094.742477
temperature,357,10.0.0.3,1647664094.8242552,0,10.0.0.4,1647664094.8497217
temperature,201,10.0.0.3,1647664094.924605,0,10.0.0.4,1647664094.9498858
airquality,470,10.0.0.3,1647664095.1293435,0,10.0.0.4,1647664095.1531658
sound,346,10.0.0.3,1647664095.3769808,0,10.0.0.4,1647664095.3979328
altitude,302,10.0.0.3,1647664095.4781823,0,10.0.0.4,1647664095.505407
airquality,19,10.0.0.3,1647664095.5792618,0,10.0.0.4,1647664095.599845
airquality,317,10.0.0.3,1647664095.679658,0,10.0.0.4,1647664095.700397
altitude,247,10.0.0.3,1647664095.7806103,0,10.0.0.4,1647664095.8021455
sound,111,10.0.0.3,1647664095.8812401,0,10.0.0.4,1647664095.903089
airquality,376,10.0.0.3,1647664095.9817011,0,10.0.0.4,1647664096.002717
airquality,51,10.0.0.3,1647664096.082215,0,10.0.0.4,1647664096.1035635
humidity,424,10.0.0.3,1647664096.1825469,0,10.0.0.4,1647664096.2040565
temperature,351,10.0.0.3,1647664096.2880237,0,10.0.0.4,1647664096.3086042
airquality,339,10.0.0.3,1647664096.3882616,0,10.0.0.4,1647664096.4094923
altitude,296,10.0.0.3,1647664096.6905143,0,10.0.0.4,1647664096.711926
temperature,242,10.0.0.3,1647664096.7931418,0,10.0.0.4,1647664096.8138046
weather,432,10.0.0.3,1647664097.1981883,0,10.0.0.4,1647664097.2191834
airquality,124,10.0.0.3,1647664097.2989445,0,10.0.0.4,1647664097.319925
altitude,288,10.0.0.3,1647664097.3994663,0,10.0.0.4,1647664097.4268582
humidity,147,10.0.0.3,1647664097.5110834,0,10.0.0.4,1647664097.535158
airquality,496,10.0.0.3,1647664097.718842,0,10.0.0.4,1647664097.7452645
altitude,322,10.0.0.3,1647664097.819444,0,10.0.0.4,1647664097.84023
location,432,10.0.0.3,1647664098.0240552,0,10.0.0.4,1647664098.0459452
altitude,433,10.0.0.3,1647664098.1246076,0,10.0.0.4,1647664098.145355
sound,52,10.0.0.3,1647664098.2264118,0,10.0.0.4,1647664098.2469592
altitude,324,10.0.0.3,1647664098.3266718,0,10.0.0.4,1647664098.3487875
altitude,435,10.0.0.3,1647664098.4297261,0,10.0.0.4,1647664098.4502852
location,357,10.0.0.3,1647664098.530618,0,10.0.0.4,1647664098.5512078
humidity,134,10.0.0.3,1647664098.6312437,0,10.0.0.4,1647664098.656744
sound,467,10.0.0.3,1647664098.7346594,0,10.0.0.4,1647664098.758097
humidity,286,10.0.0.3,1647664098.8721821,0,10.0.0.4,1647664098.8932252
humidity,264,10.0.0.3,1647664099.032785,0,10.0.0.4,1647664099.0547543
humidity,220,10.0.0.3,1647664099.1334958,0,10.0.0.4,1647664099.1782
airquality,333,10.0.0.3,1647664099.5998125,0,10.0.0.4,1647664099.663572
pressure,96,10.0.0.3,1647664099.7011235,0,10.0.0.4,1647664099.7222152
sound,385,10.0.0.3,1647664099.8019125,0,10.0.0.4,1647664099.831808
altitude,164,10.0.0.3,1647664099.9026542,0,10.0.0.4,1647664099.933054
location,247,10.0.0.3,1647664100.0034926,0,10.0.0.4,1647664100.038707
temperature,242,10.0.0.3,1647664100.104317,0,10.0.0.4,1647664100.1404877
altitude,1,10.0.0.3,1647664100.2165399,0,10.0.0.4,1647664100.2449827
sound,308,10.0.0.3,1647664100.436144,0,10.0.0.4,1647664100.4729903
airquality,233,10.0.0.3,1647664100.537067,0,10.0.0.4,1647664100.567701
weather,33,10.0.0.3,1647664100.6375337,0,10.0.0.4,1647664100.6581576
pressure,268,10.0.0.3,1647664100.7387836,0,10.0.0.4,1647664100.7675757
pressure,388,10.0.0.3,1647664100.8396335,0,10.0.0.4,1647664100.8609223
location,34,10.0.0.3,1647664100.9408784,0,10.0.0.4,1647664100.9784064
airquality,70,10.0.0.3,1647664101.0414932,0,10.0.0.4,1647664101.0819776
temperature,401,10.0.0.3,1647664101.245107,0,10.0.0.4,1647664101.2715151
sound,39,10.0.0.3,1647664101.5484307,0,10.0.0.4,1647664101.575318
altitude,267,10.0.0.3,1647664101.7502065,0,10.0.0.4,1647664101.7854543
altitude,119,10.0.0.3,1647664101.8571584,0,10.0.0.4,1647664101.891188
temperature,284,10.0.0.3,1647664101.9577084,0,10.0.0.4,1647664101.9917355
sound,425,10.0.0.3,1647664102.0610096,0,10.0.0.4,1647664102.0834298
humidity,271,10.0.0.3,1647664102.1612892,0,10.0.0.4,1647664102.1955364
altitude,353,10.0.0.3,1647664102.2616062,0,10.0.0.4,1647664102.2826395
altitude,141,10.0.0.3,1647664102.3651211,0,10.0.0.4,1647664102.5934825
sound,406,10.0.0.3,1647664102.5078468,0,10.0.0.4,1647664102.6067612
airquality,98,10.0.0.3,1647664102.6091266,0,10.0.0.4,1647664102.6367412
humidity,187,10.0.0.3,1647664102.7103126,0,10.0.0.4,1647664102.7310214
altitude,28,10.0.0.3,1647664103.16475,0,10.0.0.4,1647664103.1927314
location,270,10.0.0.3,1647664103.268467,0,10.0.0.4,1647664103.2912905
altitude,171,10.0.0.3,1647664103.3690655,0,10.0.0.4,1647664103.5169961
airquality,238,10.0.0.3,1647664103.5068676,0,10.0.0.4,1647664103.527745
sound,104,10.0.0.3,1647664103.6077702,0,10.0.0.4,1647664103.792286
temperature,41,10.0.0.3,1647664103.750439,0,10.0.0.4,1647664103.802435
temperature,162,10.0.0.3,1647664103.8527894,0,10.0.0.4,1647664103.8961632
location,311,10.0.0.3,1647664103.9576108,0,10.0.0.4,1647664103.97935
location,220,10.0.0.3,1647664104.060878,0,10.0.0.4,1647664104.0888112
pressure,234,10.0.0.3,1647664104.1644695,0,10.0.0.4,1647664104.1854374
airquality,86,10.0.0.3,1647664104.3651872,0,10.0.0.4,1647664104.412504
location,33,10.0.0.3,1647664104.4665256,0,10.0.0.4,1647664104.4910765
pressure,352,10.0.0.3,1647664104.6742177,0,10.0.0.4,1647664104.714109
humidity,415,10.0.0.3,1647664104.777227,0,10.0.0.4,1647664104.805875
altitude,199,10.0.0.3,1647664104.8806193,0,10.0.0.4,1647664104.9080365
sound,476,10.0.0.3,1647664104.9808702,0,10.0.0.4,1647664105.014266
sound,182,10.0.0.3,1647664105.0811467,0,10.0.0.4,1647664105.1047854
sound,208,10.0.0.3,1647664105.184912,0,10.0.0.4,1647664105.2060835
sound,364,10.0.0.3,1647664105.296512,0,10.0.0.4,1647664105.3212533
humidity,268,10.0.0.3,1647664105.3967843,0,10.0.0.4,1647664105.4217954
location,38,10.0.0.3,1647664105.4971266,0,10.0.0.4,1647664105.518563
sound,462,10.0.0.3,1647664105.6988032,0,10.0.0.4,1647664105.7239254
temperature,185,10.0.0.3,1647664105.799884,0,10.0.0.4,1647664105.8206685
weather,127,10.0.0.3,1647664105.9011624,0,10.0.0.4,1647664105.945907
temperature,54,10.0.0.3,1647664106.0015485,0,10.0.0.4,1647664106.0254252
altitude,333,10.0.0.3,1647664106.1018798,0,10.0.0.4,1647664106.1567657
pressure,405,10.0.0.3,1647664106.2057867,0,10.0.0.4,1647664106.2277603
temperature,474,10.0.0.3,1647664106.306086,0,10.0.0.4,1647664106.3289757
weather,76,10.0.0.3,1647664106.4064753,0,10.0.0.4,1647664106.4483743
location,33,10.0.0.3,1647664106.6077347,0,10.0.0.4,1647664106.6392946
sound,230,10.0.0.3,1647664106.9544287,0,10.0.0.4,1647664107.0081885
humidity,336,10.0.0.3,1647664107.0563374,0,10.0.0.4,1647664107.076997
sound,385,10.0.0.3,1647664107.1566746,0,10.0.0.4,1647664107.1796205
location,67,10.0.0.3,1647664107.2571218,0,10.0.0.4,1647664107.2775946
airquality,55,10.0.0.3,1647664107.3574436,0,10.0.0.4,1647664107.3789067
pressure,497,10.0.0.3,1647664107.4579594,0,10.0.0.4,1647664107.4834535
airquality,423,10.0.0.3,1647664107.658494,0,10.0.0.4,1647664107.679592
sound,264,10.0.0.3,1647664107.7629375,0,10.0.0.4,1647664107.7871628
weather,317,10.0.0.3,1647664107.873145,0,10.0.0.4,1647664107.8941157
humidity,424,10.0.0.3,1647664107.9734383,0,10.0.0.4,1647664107.994509
airquality,82,10.0.0.3,1647664108.085307,0,10.0.0.4,1647664108.1112144
altitude,291,10.0.0.3,1647664108.1857555,0,10.0.0.4,1647664108.2068367
altitude,232,10.0.0.3,1647664108.286227,0,10.0.0.4,1647664108.3073878
weather,325,10.0.0.3,1647664108.39426,0,10.0.0.4,1647664108.415445
location,336,10.0.0.3,1647664108.4946628,0,10.0.0.4,1647664108.5234196
airquality,171,10.0.0.3,1647664108.5974712,0,10.0.0.4,1647664108.6182327
pressure,306,10.0.0.3,1647664108.714392,0,10.0.0.4,1647664108.735502
humidity,268,10.0.0.3,1647664108.823503,0,10.0.0.4,1647664108.8529608
temperature,274,10.0.0.3,1647664108.9271574,0,10.0.0.4,1647664108.947805
weather,161,10.0.0.3,1647664109.0275836,0,10.0.0.4,1647664109.0480387
temperature,112,10.0.0.3,1647664109.1280365,0,10.0.0.4,1647664109.1492069
altitude,76,10.0.0.3,1647664109.551126,0,10.0.0.4,1647664109.573335
temperature,91,10.0.0.3,1647664109.7520647,0,10.0.0.4,1647664109.772923
location,190,10.0.0.3,1647664109.8527815,0,10.0.0.4,1647664109.8742533
humidity,98,10.0.0.3,1647664110.0499256,0,10.0.0.4,1647664110.0722437
pressure,107,10.0.0.3,1647664110.1505756,0,10.0.0.4,1647664110.1769977
sound,371,10.0.0.3,1647664110.25556,0,10.0.0.4,1647664110.2761822
humidity,333,10.0.0.3,1647664110.5478623,0,10.0.0.4,1647664110.5702095
humidity,448,10.0.0.3,1647664110.64826,0,10.0.0.4,1647664110.6696048
location,18,10.0.0.3,1647664110.7485976,0,10.0.0.4,1647664110.7692406
weather,485,10.0.0.3,1647664110.8494966,0,10.0.0.4,1647664110.8699887
sound,287,10.0.0.3,1647664111.0515447,0,10.0.0.4,1647664111.0725918
humidity,324,10.0.0.3,1647664111.2531202,0,10.0.0.4,1647664111.2743707
weather,5,10.0.0.3,1647664111.3534372,0,10.0.0.4,1647664111.374068
altitude,394,10.0.0.3,1647664111.454566,0,10.0.0.4,1647664111.4751053
altitude,362,10.0.0.3,1647664111.5548296,0,10.0.0.4,1647664111.575194
humidity,154,10.0.0.3,1647664111.655013,0,10.0.0.4,1647664111.6755843
humidity,357,10.0.0.3,1647664111.7553144,0,10.0.0.4,1647664111.7785778
pressure,101,10.0.0.3,1647664111.8558252,0,10.0.0.4,1647664111.8768563
location,499,10.0.0.3,1647664112.0573983,0,10.0.0.4,1647664112.0792377
weather,113,10.0.0.3,1647664112.1578941,0,10.0.0.4,1647664112.1792028
weather,324,10.0.0.3,1647664112.480992,0,10.0.0.4,1647664112.5065308
altitude,270,10.0.0.3,1647664112.5821192,0,10.0.0.4,1647664112.6027474
sound,468,10.0.0.3,1647664112.6823556,0,10.0.0.4,1647664112.7032318
temperature,318,10.0.0.3,1647664112.7832062,0,10.0.0.4,1647664112.8037186
location,148,10.0.0.3,1647664112.8834817,0,10.0.0.4,1647664112.904195
altitude,478,10.0.0.3,1647664112.983955,0,10.0.0.4,1647664113.004418
sound,346,10.0.0.3,1647664113.0842724,0,10.0.0.4,1647664113.1054537
altitude,321,10.0.0.3,1647664113.600171,0,10.0.0.4,1647664113.6220312
sound,237,10.0.0.3,1647664113.700666,0,10.0.0.4,1647664113.7228162
airquality,63,10.0.0.3,1647664113.9025812,0,10.0.0.4,1647664113.923433
airquality,278,10.0.0.3,1647664114.022065,0,10.0.0.4,1647664114.0454662
humidity,378,10.0.0.3,1647664114.1224978,0,10.0.0.4,1647664114.1437852
sound,108,10.0.0.3,1647664114.2230027,0,10.0.0.4,1647664114.2527096
altitude,320,10.0.0.3,1647664114.5426803,0,10.0.0.4,1647664114.5652893
altitude,238,10.0.0.3,1647664114.6431062,0,10.0.0.4,1647664114.6691847
sound,116,10.0.0.3,1647664114.7436194,0,10.0.0.4,1647664114.766155
temperature,357,10.0.0.3,1647664114.844979,0,10.0.0.4,1647664114.8655245
weather,220,10.0.0.3,1647664114.945303,0,10.0.0.4,1647664114.9686286
sound,330,10.0.0.3,1647664115.0456944,0,10.0.0.4,1647664115.066516
temperature,169,10.0.0.3,1647664115.2461994,0,10.0.0.4,1647664115.2676065
pressure,296,10.0.0.3,1647664115.3538685,0,10.0.0.4,1647664115.3788583
altitude,47,10.0.0.3,1647664115.4603798,0,10.0.0.4,1647664115.48636
location,369,10.0.0.3,1647664115.5639808,0,10.0.0.4,1647664115.587878
sound,270,10.0.0.3,1647664115.6643004,0,10.0.0.4,1647664115.6919672
humidity,318,10.0.0.3,1647664115.7880268,0,10.0.0.4,1647664115.8152902
weather,290,10.0.0.3,1647664115.902871,0,10.0.0.4,1647664115.9340265
altitude,156,10.0.0.3,1647664116.0031364,0,10.0.0.4,1647664116.0387988
pressure,215,10.0.0.3,1647664116.104643,0,10.0.0.4,1647664116.13815
sound,12,10.0.0.3,1647664116.3082654,0,10.0.0.4,1647664116.3310297
sound,434,10.0.0.3,1647664116.4229805,0,10.0.0.4,1647664116.4589171
humidity,140,10.0.0.3,1647664116.5235968,0,10.0.0.4,1647664116.5571594
location,361,10.0.0.3,1647664116.6248646,0,10.0.0.4,1647664116.6566074
airquality,338,10.0.0.3,1647664116.8317838,0,10.0.0.4,1647664116.8577151
temperature,499,10.0.0.3,1647664117.0373466,0,10.0.0.4,1647664117.059051
location,233,10.0.0.3,1647664117.1376333,0,10.0.0.4,1647664117.158732
humidity,290,10.0.0.3,1647664117.237925,0,10.0.0.4,1647664117.2590098
airquality,0,10.0.0.3,1647664117.4388893,0,10.0.0.4,1647664117.4600437
sound,277,10.0.0.3,1647664117.5531337,0,10.0.0.4,1647664117.5741582
temperature,485,10.0.0.3,1647664117.65355,0,10.0.0.4,1647664117.6743555
airquality,235,10.0.0.3,1647664117.7539032,0,10.0.0.4,1647664117.775279
weather,324,10.0.0.3,1647664118.1765757,0,10.0.0.4,1647664118.2050903
airquality,70,10.0.0.3,1647664118.2768393,0,10.0.0.4,1647664118.2979796
pressure,36,10.0.0.3,1647664118.377395,0,10.0.0.4,1647664118.3998542
airquality,313,10.0.0.3,1647664118.4778004,0,10.0.0.4,1647664118.502117
sound,408,10.0.0.3,1647664118.6797192,0,10.0.0.4,1647664118.703615
sound,428,10.0.0.3,1647664118.8886733,0,10.0.0.4,1647664118.909458
location,168,10.0.0.3,1647664118.9890254,0,10.0.0.4,1647664119.0142586
altitude,249,10.0.0.3,1647664119.0979142,0,10.0.0.4,1647664119.1228006
pressure,380,10.0.0.3,1647664119.3028703,0,10.0.0.4,1647664119.3240528
location,211,10.0.0.3,1647664119.4030573,0,10.0.0.4,1647664119.42402
location,154,10.0.0.3,1647664119.503438,0,10.0.0.4,1647664119.5244665
location,213,10.0.0.3,1647664119.6038344,0,10.0.0.4,1647664119.6250556
weather,442,10.0.0.3,1647664119.7041557,0,10.0.0.4,1647664119.7256737
weather,353,10.0.0.3,1647664119.9049594,0,10.0.0.4,1647664119.9265518
weather,456,10.0.0.3,1647664120.0076282,0,10.0.0.4,1647664120.0344486
humidity,440,10.0.0.3,1647664120.1083424,0,10.0.0.4,1647664120.128923
humidity,176,10.0.0.3,1647664120.2090492,0,10.0.0.4,1647664120.2302234
humidity,214,10.0.0.3,1647664120.3151107,0,10.0.0.4,1647664120.3355746
temperature,130,10.0.0.3,1647664120.4154186,0,10.0.0.4,1647664120.4405687
humidity,312,10.0.0.3,1647664120.536871,0,10.0.0.4,1647664120.5626922
weather,472,10.0.0.3,1647664120.6398127,0,10.0.0.4,1647664120.6671607
location,454,10.0.0.3,1647664120.7401972,0,10.0.0.4,1647664120.7646058
temperature,264,10.0.0.3,1647664120.8462517,0,10.0.0.4,1647664120.868463
sound,433,10.0.0.3,1647664120.9480429,0,10.0.0.4,1647664120.968937
sound,362,10.0.0.3,1647664121.0575192,0,10.0.0.4,1647664121.0788264
altitude,404,10.0.0.3,1647664121.1598868,0,10.0.0.4,1647664121.180621
altitude,494,10.0.0.3,1647664121.2601016,0,10.0.0.4,1647664121.2861667
pressure,36,10.0.0.3,1647664121.4627361,0,10.0.0.4,1647664121.488225
weather,232,10.0.0.3,1647664121.664738,0,10.0.0.4,1647664121.6864994
airquality,78,10.0.0.3,1647664121.765049,0,10.0.0.4,1647664121.7858074
weather,132,10.0.0.3,1647664121.8654354,0,10.0.0.4,1647664121.8863533
altitude,309,10.0.0.3,1647664121.965784,0,10.0.0.4,1647664121.9871356
altitude,229,10.0.0.3,1647664122.1725578,0,10.0.0.4,1647664122.1936126
temperature,395,10.0.0.3,1647664122.2738404,0,10.0.0.4,1647664122.3428175
altitude,307,10.0.0.3,1647664122.4760814,0,10.0.0.4,1647664122.5099058
temperature,416,10.0.0.3,1647664122.5772655,0,10.0.0.4,1647664122.615378
temperature,213,10.0.0.3,1647664122.6775818,0,10.0.0.4,1647664122.7046776
temperature,383,10.0.0.3,1647664122.7951171,0,10.0.0.4,1647664122.8611023
pressure,301,10.0.0.3,1647664122.8963242,0,10.0.0.4,1647664122.9193585
location,165,10.0.0.3,1647664122.996559,0,10.0.0.4,1647664123.061287
altitude,20,10.0.0.3,1647664123.0969214,0,10.0.0.4,1647664123.1259966
sound,122,10.0.0.3,1647664123.1973202,0,10.0.0.4,1647664123.2284732
sound,358,10.0.0.3,1647664123.4994953,0,10.0.0.4,1647664123.521049
pressure,109,10.0.0.3,1647664123.6117492,0,10.0.0.4,1647664123.640772
airquality,62,10.0.0.3,1647664123.712506,0,10.0.0.4,1647664123.7410333
altitude,266,10.0.0.3,1647664123.9139307,0,10.0.0.4,1647664123.9405963
pressure,78,10.0.0.3,1647664124.0142462,0,10.0.0.4,1647664124.051687
altitude,116,10.0.0.3,1647664124.1146443,0,10.0.0.4,1647664124.1580715
pressure,413,10.0.0.3,1647664124.2150202,0,10.0.0.4,1647664124.2502356
humidity,453,10.0.0.3,1647664124.4203668,0,10.0.0.4,1647664124.4560354
airquality,80,10.0.0.3,1647664124.5208988,0,10.0.0.4,1647664124.565067
altitude,303,10.0.0.3,1647664124.6212764,0,10.0.0.4,1647664124.6443
location,258,10.0.0.3,1647664124.7222736,0,10.0.0.4,1647664124.7708664
temperature,19,10.0.0.3,1647664124.9231374,0,10.0.0.4,1647664124.9513118
location,206,10.0.0.3,1647664125.0239906,0,10.0.0.4,1647664125.071388
location,487,10.0.0.3,1647664125.1247826,0,10.0.0.4,1647664125.1650019
location,151,10.0.0.3,1647664125.2252018,0,10.0.0.4,1647664125.2475026
location,330,10.0.0.3,1647664125.3299952,0,10.0.0.4,1647664125.3696113
sound,475,10.0.0.3,1647664125.4306343,0,10.0.0.4,1647664125.4757764
airquality,152,10.0.0.3,1647664125.531054,0,10.0.0.4,1647664125.5569766
pressure,495,10.0.0.3,1647664125.6316307,0,10.0.0.4,1647664125.6689768
temperature,100,10.0.0.3,1647664125.7321098,0,10.0.0.4,1647664125.7534745
sound,427,10.0.0.3,1647664125.832417,0,10.0.0.4,1647664125.8693178
humidity,443,10.0.0.3,1647664125.9331534,0,10.0.0.4,1647664125.9795685
airquality,109,10.0.0.3,1647664126.0337772,0,10.0.0.4,1647664126.05687
altitude,133,10.0.0.3,1647664126.1343915,0,10.0.0.4,1647664126.1635802
weather,43,10.0.0.3,1647664126.234837,0,10.0.0.4,1647664126.2690425
sound,363,10.0.0.3,1647664126.3352523,0,10.0.0.4,1647664126.3606222
airquality,408,10.0.0.3,1647664126.4358416,0,10.0.0.4,1647664126.4709983
location,382,10.0.0.3,1647664126.5369334,0,10.0.0.4,1647664126.5750985
sound,425,10.0.0.3,1647664126.6372335,0,10.0.0.4,1647664126.65834
airquality,359,10.0.0.3,1647664127.0401258,0,10.0.0.4,1647664127.0712852
temperature,42,10.0.0.3,1647664127.1403623,0,10.0.0.4,1647664127.1702988
sound,238,10.0.0.3,1647664127.24105,0,10.0.0.4,1647664127.2769184
weather,497,10.0.0.3,1647664127.3417628,0,10.0.0.4,1647664127.3830943
altitude,180,10.0.0.3,1647664127.5446103,0,10.0.0.4,1647664127.5818944
temperature,475,10.0.0.3,1647664127.6449533,0,10.0.0.4,1647664127.6717567
airquality,154,10.0.0.3,1647664127.745345,0,10.0.0.4,1647664127.76606
weather,414,10.0.0.3,1647664127.8459694,0,10.0.0.4,1647664127.886563
pressure,328,10.0.0.3,1647664127.9477954,0,10.0.0.4,1647664127.9801261
airquality,50,10.0.0.3,1647664128.048304,0,10.0.0.4,1647664128.0809653
temperature,384,10.0.0.3,1647664128.1488101,0,10.0.0.4,1647664128.1966112
weather,86,10.0.0.3,1647664128.2491105,0,10.0.0.4,1647664128.272455
altitude,466,10.0.0.3,1647664128.3494017,0,10.0.0.4,1647664128.3742769
temperature,239,10.0.0.3,1647664128.4496977,0,10.0.0.4,1647664128.493365
pressure,320,10.0.0.3,1647664128.5500934,0,10.0.0.4,1647664128.572917
airquality,220,10.0.0.3,1647664128.6505008,0,10.0.0.4,1647664128.6720517
weather,39,10.0.0.3,1647664128.7509024,0,10.0.0.4,1647664128.7723033
sound,273,10.0.0.3,1647664128.8522289,0,10.0.0.4,1647664128.8739064
altitude,246,10.0.0.3,1647664128.952911,0,10.0.0.4,1647664128.990114
weather,387,10.0.0.3,1647664129.0534954,0,10.0.0.4,1647664129.0994496
sound,97,10.0.0.3,1647664129.1538155,0,10.0.0.4,1647664129.1773283
altitude,201,10.0.0.3,1647664129.3549926,0,10.0.0.4,1647664129.3844273
pressure,258,10.0.0.3,1647664129.6580791,0,10.0.0.4,1647664129.715887
location,239,10.0.0.3,1647664129.8662636,0,10.0.0.4,1647664129.940411
weather,212,10.0.0.3,1647664129.9686062,0,10.0.0.4,1647664129.992353
humidity,319,10.0.0.3,1647664130.0693142,0,10.0.0.4,1647664130.1159315
location,323,10.0.0.3,1647664130.169751,0,10.0.0.4,1647664130.1962569
location,357,10.0.0.3,1647664130.269945,0,10.0.0.4,1647664130.2905867
weather,37,10.0.0.3,1647664130.3702757,0,10.0.0.4,1647664130.4043086
location,124,10.0.0.3,1647664130.4705493,0,10.0.0.4,1647664130.5503676
humidity,288,10.0.0.3,1647664130.573434,0,10.0.0.4,1647664130.5980356
temperature,162,10.0.0.3,1647664130.6737707,0,10.0.0.4,1647664130.712353
location,355,10.0.0.3,1647664130.774089,0,10.0.0.4,1647664130.88535
sound,424,10.0.0.3,1647664130.8852286,0,10.0.0.4,1647664130.9061759
sound,415,10.0.0.3,1647664130.9855587,0,10.0.0.4,1647664131.0315878
weather,19,10.0.0.3,1647664131.085782,0,10.0.0.4,1647664131.1090531
pressure,106,10.0.0.3,1647664131.1861444,0,10.0.0.4,1647664131.2260275
humidity,390,10.0.0.3,1647664131.2865121,0,10.0.0.4,1647664131.3103566
temperature,388,10.0.0.3,1647664131.3867664,0,10.0.0.4,1647664131.432701
location,395,10.0.0.3,1647664131.4869425,0,10.0.0.4,1647664131.5203927
location,153,10.0.0.3,1647664131.5873733,0,10.0.0.4,1647664131.6376493
location,355,10.0.0.3,1647664131.6877818,0,10.0.0.4,1647664131.7236545
location,482,10.0.0.3,1647664131.890013,0,10.0.0.4,1647664131.9291878
sound,48,10.0.0.3,1647664131.9903975,0,10.0.0.4,1647664132.0318978
humidity,298,10.0.0.3,1647664132.0908327,0,10.0.0.4,1647664132.1156795
temperature,239,10.0.0.3,1647664132.1914637,0,10.0.0.4,1647664132.2136748
airquality,173,10.0.0.3,1647664132.2922416,0,10.0.0.4,1647664132.3268113
weather,307,10.0.0.3,1647664132.392877,0,10.0.0.4,1647664132.4134743
weather,323,10.0.0.3,1647664132.4932823,0,10.0.0.4,1647664132.5138693
weather,489,10.0.0.3,1647664132.702005,0,10.0.0.4,1647664132.7346718
sound,340,10.0.0.3,1647664132.8107617,0,10.0.0.4,1647664132.8311844
weather,293,10.0.0.3,1647664132.9226956,0,10.0.0.4,1647664132.9612072
pressure,380,10.0.0.3,1647664133.023274,0,10.0.0.4,1647664133.04407
sound,490,10.0.0.3,1647664133.2251396,0,10.0.0.4,1647664133.246887
altitude,233,10.0.0.3,1647664133.3339286,0,10.0.0.4,1647664133.359144
location,340,10.0.0.3,1647664133.437563,0,10.0.0.4,1647664133.4686897
altitude,18,10.0.0.3,1647664133.540765,0,10.0.0.4,1647664133.5613437
temperature,342,10.0.0.3,1647664133.6519477,0,10.0.0.4,1647664133.6763594
humidity,436,10.0.0.3,1647664133.7565236,0,10.0.0.4,1647664133.7775795
humidity,208,10.0.0.3,1647664133.8570607,0,10.0.0.4,1647664133.877716
location,7,10.0.0.3,1647664133.965223,0,10.0.0.4,1647664133.986891
location,255,10.0.0.3,1647664134.0680745,0,10.0.0.4,1647664134.089612
humidity,286,10.0.0.3,1647664134.1685548,0,10.0.0.4,1647664134.1974113
location,372,10.0.0.3,1647664134.2691348,0,10.0.0.4,1647664134.2927148
location,316,10.0.0.3,1647664134.3725564,0,10.0.0.4,1647664134.3933337
weather,408,10.0.0.3,1647664134.4729052,0,10.0.0.4,1647664134.4933674
airquality,52,10.0.0.3,1647664134.5735147,0,10.0.0.4,1647664134.5942893
location,337,10.0.0.3,1647664134.6768904,0,10.0.0.4,1647664134.6976004
sound,316,10.0.0.3,1647664134.880535,0,10.0.0.4,1647664134.901472
temperature,190,10.0.0.3,1647664134.9809113,0,10.0.0.4,1647664135.002086
temperature,470,10.0.0.3,1647664135.0817118,0,10.0.0.4,1647664135.1028821
sound,190,10.0.0.3,1647664135.184896,0,10.0.0.4,1647664135.2120135
humidity,226,10.0.0.3,1647664135.2890532,0,10.0.0.4,1647664135.3133702
altitude,88,10.0.0.3,1647664135.4069867,0,10.0.0.4,1647664135.430372
weather,218,10.0.0.3,1647664135.5077262,0,10.0.0.4,1647664135.528435
airquality,427,10.0.0.3,1647664135.6091564,0,10.0.0.4,1647664135.6340568
sound,182,10.0.0.3,1647664135.8098736,0,10.0.0.4,1647664135.831375
humidity,322,10.0.0.3,1647664135.910264,0,10.0.0.4,1647664135.931017
pressure,58,10.0.0.3,1647664136.0153375,0,10.0.0.4,1647664136.0368838
airquality,320,10.0.0.3,1647664136.1166606,0,10.0.0.4,1647664136.1381512
weather,388,10.0.0.3,1647664136.2170656,0,10.0.0.4,1647664136.2379906
location,194,10.0.0.3,1647664136.3185594,0,10.0.0.4,1647664136.3399687
location,42,10.0.0.3,1647664136.420559,0,10.0.0.4,1647664136.4421682
pressure,246,10.0.0.3,1647664136.5377727,0,10.0.0.4,1647664136.5604239
humidity,285,10.0.0.3,1647664136.638173,0,10.0.0.4,1647664136.659088
altitude,375,10.0.0.3,1647664136.7385218,0,10.0.0.4,1647664136.7599416
humidity,260,10.0.0.3,1647664136.8409925,0,10.0.0.4,1647664136.8616278
altitude,398,10.0.0.3,1647664136.941554,0,10.0.0.4,1647664136.962585
humidity,376,10.0.0.3,1647664137.1615672,0,10.0.0.4,1647664137.1831183
altitude,52,10.0.0.3,1647664137.2622097,0,10.0.0.4,1647664137.2830856
location,352,10.0.0.3,1647664137.3644829,0,10.0.0.4,1647664137.3855126
altitude,33,10.0.0.3,1647664137.4658058,0,10.0.0.4,1647664137.4873288
altitude,239,10.0.0.3,1647664137.7850657,0,10.0.0.4,1647664137.806898
location,172,10.0.0.3,1647664137.8856995,0,10.0.0.4,1647664137.9069908
weather,337,10.0.0.3,1647664137.988392,0,10.0.0.4,1647664138.0091195
sound,298,10.0.0.3,1647664138.089036,0,10.0.0.4,1647664138.1099563
weather,320,10.0.0.3,1647664138.1931157,0,10.0.0.4,1647664138.2178035
pressure,27,10.0.0.3,1647664138.2939801,0,10.0.0.4,1647664138.3146682
temperature,307,10.0.0.3,1647664138.3954926,0,10.0.0.4,1647664138.4167402
humidity,55,10.0.0.3,1647664138.496427,0,10.0.0.4,1647664138.5172665
airquality,362,10.0.0.3,1647664138.5971818,0,10.0.0.4,1647664138.6177063
weather,441,10.0.0.3,1647664138.6977794,0,10.0.0.4,1647664138.7183473
temperature,137,10.0.0.3,1647664138.798757,0,10.0.0.4,1647664138.8194222
altitude,45,10.0.0.3,1647664138.8997817,0,10.0.0.4,1647664138.9212515
airquality,443,10.0.0.3,1647664139.0000932,0,10.0.0.4,1647664139.0208051
sound,498,10.0.0.3,1647664139.2159157,0,10.0.0.4,1647664139.2375674
temperature,31,10.0.0.3,1647664139.316851,0,10.0.0.4,1647664139.3373673
altitude,199,10.0.0.3,1647664139.4172251,0,10.0.0.4,1647664139.4381306
temperature,91,10.0.0.3,1647664139.517675,0,10.0.0.4,1647664139.5388048
location,460,10.0.0.3,1647664139.618425,0,10.0.0.4,1647664139.6399066
location,287,10.0.0.3,1647664139.7237837,0,10.0.0.4,1647664139.7443175
pressure,315,10.0.0.3,1647664139.824465,0,10.0.0.4,1647664139.8455477
sound,391,10.0.0.3,1647664139.925471,0,10.0.0.4,1647664139.9460514
altitude,236,10.0.0.3,1647664140.02611,0,10.0.0.4,1647664140.0479643
temperature,235,10.0.0.3,1647664140.1275296,0,10.0.0.4,1647664140.1550462
temperature,218,10.0.0.3,1647664140.227902,0,10.0.0.4,1647664140.2484925
airquality,134,10.0.0.3,1647664140.328341,0,10.0.0.4,1647664140.3505661
pressure,451,10.0.0.3,1647664140.428623,0,10.0.0.4,1647664140.4530656
temperature,499,10.0.0.3,1647664140.5288484,0,10.0.0.4,1647664140.5499988
altitude,245,10.0.0.3,1647664140.636984,0,10.0.0.4,1647664140.6585667
sound,151,10.0.0.3,1647664140.7378678,0,10.0.0.4,1647664140.759112
sound,179,10.0.0.3,1647664140.8380609,0,10.0.0.4,1647664140.8591723
altitude,440,10.0.0.3,1647664140.9388316,0,10.0.0.4,1647664140.959965
airquality,342,10.0.0.3,1647664141.0392668,0,10.0.0.4,1647664141.0603738
sound,316,10.0.0.3,1647664141.2427685,0,10.0.0.4,1647664141.2654488
humidity,457,10.0.0.3,1647664141.3721008,0,10.0.0.4,1647664141.3935957
humidity,138,10.0.0.3,1647664141.4730756,0,10.0.0.4,1647664141.4945977
temperature,275,10.0.0.3,1647664141.5742457,0,10.0.0.4,1647664141.5978477
sound,292,10.0.0.3,1647664141.674898,0,10.0.0.4,1647664141.6963577
temperature,420,10.0.0.3,1647664141.9083936,0,10.0.0.4,1647664141.9298887
weather,232,10.0.0.3,1647664142.0089657,0,10.0.0.4,1647664142.038111
temperature,279,10.0.0.3,1647664142.1100304,0,10.0.0.4,1647664142.130634
sound,432,10.0.0.3,1647664142.2325993,0,10.0.0.4,1647664142.253946
weather,418,10.0.0.3,1647664142.4809763,0,10.0.0.4,1647664142.5020163
temperature,77,10.0.0.3,1647664142.584632,0,10.0.0.4,1647664142.6051717
sound,120,10.0.0.3,1647664142.7457898,0,10.0.0.4,1647664142.7697823
temperature,333,10.0.0.3,1647664142.9563463,0,10.0.0.4,1647664142.9973507
temperature,66,10.0.0.3,1647664143.0566835,0,10.0.0.4,1647664143.0783026
weather,421,10.0.0.3,1647664143.156897,0,10.0.0.4,1647664143.1785975
humidity,168,10.0.0.3,1647664143.2572935,0,10.0.0.4,1647664143.2785869
sound,213,10.0.0.3,1647664143.3577447,0,10.0.0.4,1647664143.3918834
altitude,360,10.0.0.3,1647664143.458271,0,10.0.0.4,1647664143.4812536
weather,35,10.0.0.3,1647664143.57736,0,10.0.0.4,1647664143.6095374
sound,8,10.0.0.3,1647664143.6808784,0,10.0.0.4,1647664143.7020063
airquality,375,10.0.0.3,1647664143.8821206,0,10.0.0.4,1647664143.9038377
sound,147,10.0.0.3,1647664143.98267,0,10.0.0.4,1647664144.0124037
airquality,6,10.0.0.3,1647664144.0831692,0,10.0.0.4,1647664144.1168215
humidity,211,10.0.0.3,1647664144.1845903,0,10.0.0.4,1647664144.2071133
airquality,6,10.0.0.3,1647664144.3859723,0,10.0.0.4,1647664144.4282372
humidity,263,10.0.0.3,1647664144.4869714,0,10.0.0.4,1647664144.516192
airquality,52,10.0.0.3,1647664144.7893205,0,10.0.0.4,1647664144.810807
airquality,472,10.0.0.3,1647664144.8911254,0,10.0.0.4,1647664144.933184
sound,286,10.0.0.3,1647664145.0920372,0,10.0.0.4,1647664145.1171885
altitude,469,10.0.0.3,1647664145.1946387,0,10.0.0.4,1647664145.219972
pressure,362,10.0.0.3,1647664145.3958907,0,10.0.0.4,1647664145.4320672
sound,193,10.0.0.3,1647664145.497576,0,10.0.0.4,1647664145.520971
airquality,126,10.0.0.3,1647664145.5999758,0,10.0.0.4,1647664145.6238093
sound,493,10.0.0.3,1647664145.700625,0,10.0.0.4,1647664145.7423275
altitude,246,10.0.0.3,1647664145.8009474,0,10.0.0.4,1647664145.823835
location,91,10.0.0.3,1647664145.9048774,0,10.0.0.4,1647664145.9259768
temperature,482,10.0.0.3,1647664146.0053117,0,10.0.0.4,1647664146.026814
pressure,485,10.0.0.3,1647664146.1065247,0,10.0.0.4,1647664146.1348312
temperature,426,10.0.0.3,1647664146.3106124,0,10.0.0.4,1647664146.331374
weather,160,10.0.0.3,1647664146.4111578,0,10.0.0.4,1647664146.4541817
location,417,10.0.0.3,1647664146.5116513,0,10.0.0.4,1647664146.5353336
location,446,10.0.0.3,1647664146.6162565,0,10.0.0.4,1647664146.6418269
weather,499,10.0.0.3,1647664146.7224085,0,10.0.0.4,1647664146.743684
weather,57,10.0.0.3,1647664146.8229232,0,10.0.0.4,1647664146.8642871
airquality,65,10.0.0.3,1647664146.9258604,0,10.0.0.4,1647664146.9610012
sound,112,10.0.0.3,1647664147.0284696,0,10.0.0.4,1647664147.0672615
airquality,376,10.0.0.3,1647664147.1293318,0,10.0.0.4,1647664147.159761
altitude,244,10.0.0.3,1647664147.2420232,0,10.0.0.4,1647664147.2660885
weather,178,10.0.0.3,1647664147.4456356,0,10.0.0.4,1647664147.4714935
humidity,269,10.0.0.3,1647664147.5459836,0,10.0.0.4,1647664147.5808258
pressure,169,10.0.0.3,1647664147.648612,0,10.0.0.4,1647664147.6697216
location,236,10.0.0.3,1647664147.7526188,0,10.0.0.4,1647664147.789627
pressure,213,10.0.0.3,1647664147.8652842,0,10.0.0.4,1647664147.8873823
sound,252,10.0.0.3,1647664147.965868,0,10.0.0.4,1647664147.9942794
weather,439,10.0.0.3,1647664148.070139,0,10.0.0.4,1647664148.1054943
airquality,392,10.0.0.3,1647664148.1725264,0,10.0.0.4,1647664148.1972744
altitude,417,10.0.0.3,1647664148.2811315,0,10.0.0.4,1647664148.302773
weather,357,10.0.0.3,1647664148.394135,0,10.0.0.4,1647664148.430871
sound,413,10.0.0.3,1647664148.6086867,0,10.0.0.4,1647664148.6324117
location,324,10.0.0.3,1647664148.7267685,0,10.0.0.4,1647664148.7558897
pressure,298,10.0.0.3,1647664149.0315003,0,10.0.0.4,1647664149.0529878
location,50,10.0.0.3,1647664149.1320133,0,10.0.0.4,1647664149.153326
sound,293,10.0.0.3,1647664149.2331572,0,10.0.0.4,1647664149.2568922
temperature,295,10.0.0.3,1647664149.333426,0,10.0.0.4,1647664149.3546607
weather,463,10.0.0.3,1647664149.4371254,0,10.0.0.4,1647664149.458122
temperature,101,10.0.0.3,1647664149.5379488,0,10.0.0.4,1647664149.5817397
pressure,233,10.0.0.3,1647664149.638297,0,10.0.0.4,1647664149.6611528
humidity,76,10.0.0.3,1647664149.7386234,0,10.0.0.4,1647664149.76365
humidity,128,10.0.0.3,1647664149.840776,0,10.0.0.4,1647664149.865019
airquality,499,10.0.0.3,1647664149.9418283,0,10.0.0.4,1647664149.9792166
pressure,92,10.0.0.3,1647664150.0426328,0,10.0.0.4,1647664150.0635242
pressure,312,10.0.0.3,1647664150.2437005,0,10.0.0.4,1647664150.2684765
airquality,348,10.0.0.3,1647664150.4533808,0,10.0.0.4,1647664150.474058
altitude,275,10.0.0.3,1647664150.555025,0,10.0.0.4,1647664150.5805771
pressure,194,10.0.0.3,1647664150.6568367,0,10.0.0.4,1647664150.6942484
temperature,243,10.0.0.3,1647664150.757914,0,10.0.0.4,1647664150.7955475
altitude,397,10.0.0.3,1647664150.8610263,0,10.0.0.4,1647664150.899057
sound,301,10.0.0.3,1647664151.0622933,0,10.0.0.4,1647664151.0836046
location,185,10.0.0.3,1647664151.2637756,0,10.0.0.4,1647664151.2959504
sound,24,10.0.0.3,1647664151.3642936,0,10.0.0.4,1647664151.4037986
altitude,391,10.0.0.3,1647664151.464776,0,10.0.0.4,1647664151.5107915
altitude,116,10.0.0.3,1647664151.5693727,0,10.0.0.4,1647664151.6177208
airquality,314,10.0.0.3,1647664151.6697605,0,10.0.0.4,1647664151.6907153
humidity,155,10.0.0.3,1647664151.772337,0,10.0.0.4,1647664151.815316
location,178,10.0.0.3,1647664151.8726165,0,10.0.0.4,1647664151.9048383
location,32,10.0.0.3,1647664151.9731011,0,10.0.0.4,1647664151.9973178
location,447,10.0.0.3,1647664152.0733118,0,10.0.0.4,1647664152.1052067
weather,202,10.0.0.3,1647664152.183953,0,10.0.0.4,1647664152.2125096
altitude,121,10.0.0.3,1647664152.2949288,0,10.0.0.4,1647664152.3163958
temperature,125,10.0.0.3,1647664152.395454,0,10.0.0.4,1647664152.57177
weather,418,10.0.0.3,1647664152.7564418,0,10.0.0.4,1647664152.8532672
weather,195,10.0.0.3,1647664152.8572679,0,10.0.0.4,1647664152.8806124
altitude,161,10.0.0.3,1647664152.9649272,0,10.0.0.4,1647664153.010223
sound,464,10.0.0.3,1647664153.165816,0,10.0.0.4,1647664153.2293704
location,274,10.0.0.3,1647664153.268784,0,10.0.0.4,1647664153.2926347
temperature,331,10.0.0.3,1647664153.564076,0,10.0.0.4,1647664153.589097
pressure,217,10.0.0.3,1647664153.6706805,0,10.0.0.4,1647664153.7171237
location,304,10.0.0.3,1647664153.9841254,0,10.0.0.4,1647664154.010582
altitude,87,10.0.0.3,1647664154.0848963,0,10.0.0.4,1647664154.1262283
temperature,95,10.0.0.3,1647664154.185103,0,10.0.0.4,1647664154.2653682
temperature,28,10.0.0.3,1647664154.2853477,0,10.0.0.4,1647664154.3091505
sound,382,10.0.0.3,1647664154.579648,0,10.0.0.4,1647664154.638126
humidity,171,10.0.0.3,1647664154.6806772,0,10.0.0.4,1647664154.74191
humidity,102,10.0.0.3,1647664154.7813702,0,10.0.0.4,1647664154.803345
weather,352,10.0.0.3,1647664155.1051493,0,10.0.0.4,1647664155.1910317
pressure,365,10.0.0.3,1647664155.205566,0,10.0.0.4,1647664155.228915
temperature,159,10.0.0.3,1647664155.4562042,0,10.0.0.4,1647664155.4822493
sound,247,10.0.0.3,1647664155.556746,0,10.0.0.4,1647664155.5895514
altitude,309,10.0.0.3,1647664155.6606586,0,10.0.0.4,1647664155.7045126
weather,231,10.0.0.3,1647664155.7613924,0,10.0.0.4,1647664155.782658
weather,412,10.0.0.3,1647664155.9263525,0,10.0.0.4,1647664156.0461414
sound,354,10.0.0.3,1647664156.2813132,0,10.0.0.4,1647664156.3162208
humidity,367,10.0.0.3,1647664156.3850298,0,10.0.0.4,1647664156.594723
altitude,249,10.0.0.3,1647664156.5842416,0,10.0.0.4,1647664156.6050785
weather,6,10.0.0.3,1647664156.6872768,0,10.0.0.4,1647664156.7124188
temperature,252,10.0.0.3,1647664156.787556,0,10.0.0.4,1647664156.8095484
temperature,339,10.0.0.3,1647664156.8887703,0,10.0.0.4,1647664156.9144926
altitude,265,10.0.0.3,1647664156.9892335,0,10.0.0.4,1647664157.0196724
temperature,372,10.0.0.3,1647664157.0901115,0,10.0.0.4,1647664157.12127
altitude,181,10.0.0.3,1647664157.3041399,0,10.0.0.4,1647664157.3368745
humidity,204,10.0.0.3,1647664157.4056537,0,10.0.0.4,1647664157.4438374
temperature,148,10.0.0.3,1647664157.6089032,0,10.0.0.4,1647664157.6512356
airquality,124,10.0.0.3,1647664157.7128024,0,10.0.0.4,1647664157.7334402
location,230,10.0.0.3,1647664157.8137238,0,10.0.0.4,1647664157.847825
weather,495,10.0.0.3,1647664158.218486,0,10.0.0.4,1647664158.2608519
weather,399,10.0.0.3,1647664158.319179,0,10.0.0.4,1647664158.339922
sound,374,10.0.0.3,1647664158.419929,0,10.0.0.4,1647664158.4417024
pressure,29,10.0.0.3,1647664158.5203297,0,10.0.0.4,1647664158.5619438
pressure,450,10.0.0.3,1647664158.7429502,0,10.0.0.4,1647664158.7732427
airquality,205,10.0.0.3,1647664158.8435378,0,10.0.0.4,1647664158.8644729
airquality,124,10.0.0.3,1647664158.9661622,0,10.0.0.4,1647664158.9957693
airquality,491,10.0.0.3,1647664159.066726,0,10.0.0.4,1647664159.0892553
sound,196,10.0.0.3,1647664159.1673484,0,10.0.0.4,1647664159.1886904
pressure,97,10.0.0.3,1647664159.2678185,0,10.0.0.4,1647664159.2927804
location,139,10.0.0.3,1647664159.4820626,0,10.0.0.4,1647664159.5094593
altitude,73,10.0.0.3,1647664159.5833051,0,10.0.0.4,1647664159.6128745
humidity,481,10.0.0.3,1647664159.683772,0,10.0.0.4,1647664159.7046504
temperature,417,10.0.0.3,1647664159.7846215,0,10.0.0.4,1647664159.806986
pressure,159,10.0.0.3,1647664159.8848891,0,10.0.0.4,1647664159.9258173
humidity,131,10.0.0.3,1647664159.98528,0,10.0.0.4,1647664160.0068452
humidity,186,10.0.0.3,1647664160.0888813,0,10.0.0.4,1647664160.1132371
temperature,149,10.0.0.3,1647664160.1891727,0,10.0.0.4,1647664160.2378263
pressure,183,10.0.0.3,1647664160.2895248,0,10.0.0.4,1647664160.3327675
humidity,394,10.0.0.3,1647664160.3905394,0,10.0.0.4,1647664160.4148016
altitude,143,10.0.0.3,1647664160.4911838,0,10.0.0.4,1647664160.5122638
temperature,135,10.0.0.3,1647664160.5928702,0,10.0.0.4,1647664160.6174593
temperature,32,10.0.0.3,1647664160.6931522,0,10.0.0.4,1647664160.7139654
location,316,10.0.0.3,1647664160.814634,0,10.0.0.4,1647664160.8520174
humidity,71,10.0.0.3,1647664160.915411,0,10.0.0.4,1647664160.9485133
location,351,10.0.0.3,1647664161.0166605,0,10.0.0.4,1647664161.0575547
pressure,61,10.0.0.3,1647664161.1171334,0,10.0.0.4,1647664161.1406379
weather,387,10.0.0.3,1647664161.2183652,0,10.0.0.4,1647664161.2413573
pressure,239,10.0.0.3,1647664161.319186,0,10.0.0.4,1647664161.3571591
sound,434,10.0.0.3,1647664161.4197838,0,10.0.0.4,1647664161.4631448
temperature,333,10.0.0.3,1647664161.5218868,0,10.0.0.4,1647664161.5447867
humidity,429,10.0.0.3,1647664161.622606,0,10.0.0.4,1647664161.6501493
humidity,415,10.0.0.3,1647664161.7297575,0,10.0.0.4,1647664161.759552
pressure,470,10.0.0.3,1647664161.8322737,0,10.0.0.4,1647664161.864807
location,114,10.0.0.3,1647664162.1352522,0,10.0.0.4,1647664162.1687944
sound,297,10.0.0.3,1647664162.3488076,0,10.0.0.4,1647664162.3908134
temperature,475,10.0.0.3,1647664162.4535658,0,10.0.0.4,1647664162.5006373
airquality,394,10.0.0.3,1647664162.5569541,0,10.0.0.4,1647664162.5909977
humidity,50,10.0.0.3,1647664162.7692504,0,10.0.0.4,1647664162.8224804
humidity,162,10.0.0.3,1647664162.8697577,0,10.0.0.4,1647664162.8908677
sound,486,10.0.0.3,1647664162.9728026,0,10.0.0.4,1647664162.9939623
airquality,434,10.0.0.3,1647664163.112323,0,10.0.0.4,1647664163.1510215
temperature,265,10.0.0.3,1647664163.2129145,0,10.0.0.4,1647664163.2335014
location,353,10.0.0.3,1647664163.323133,0,10.0.0.4,1647664163.5277019
sound,240,10.0.0.3,1647664163.5280159,0,10.0.0.4,1647664163.5548682
humidity,201,10.0.0.3,1647664163.740026,0,10.0.0.4,1647664163.8286233
temperature,133,10.0.0.3,1647664163.8403325,0,10.0.0.4,1647664163.861763
airquality,350,10.0.0.3,1647664163.9601333,0,10.0.0.4,1647664163.9928668
weather,425,10.0.0.3,1647664164.0603747,0,10.0.0.4,1647664164.0825086
sound,233,10.0.0.3,1647664164.2738302,0,10.0.0.4,1647664164.313349
location,150,10.0.0.3,1647664164.374495,0,10.0.0.4,1647664164.408961
weather,94,10.0.0.3,1647664164.5775015,0,10.0.0.4,1647664164.622906
weather,350,10.0.0.3,1647664164.6781778,0,10.0.0.4,1647664164.6989007
temperature,117,10.0.0.3,1647664164.8792017,0,10.0.0.4,1647664164.9056537
humidity,258,10.0.0.3,1647664165.0852048,0,10.0.0.4,1647664165.1307354
altitude,417,10.0.0.3,1647664165.2864823,0,10.0.0.4,1647664165.3452754
altitude,225,10.0.0.3,1647664165.3877256,0,10.0.0.4,1647664165.4112635
temperature,359,10.0.0.3,1647664165.4893472,0,10.0.0.4,1647664165.5165365
airquality,1,10.0.0.3,1647664165.5921316,0,10.0.0.4,1647664165.6408303
airquality,103,10.0.0.3,1647664165.6928833,0,10.0.0.4,1647664165.7137163
humidity,335,10.0.0.3,1647664165.7995527,0,10.0.0.4,1647664165.8313622
sound,336,10.0.0.3,1647664165.8999984,0,10.0.0.4,1647664165.945011
temperature,184,10.0.0.3,1647664166.0008895,0,10.0.0.4,1647664166.02681
pressure,487,10.0.0.3,1647664166.1074615,0,10.0.0.4,1647664166.1335258
weather,270,10.0.0.3,1647664166.3220441,0,10.0.0.4,1647664166.3674617
location,210,10.0.0.3,1647664166.522863,0,10.0.0.4,1647664166.5744343
pressure,306,10.0.0.3,1647664166.6248431,0,10.0.0.4,1647664166.6456563
weather,140,10.0.0.3,1647664166.731452,0,10.0.0.4,1647664166.7742457
airquality,423,10.0.0.3,1647664166.9540544,0,10.0.0.4,1647664166.9956555
temperature,343,10.0.0.3,1647664167.0547895,0,10.0.0.4,1647664167.0809178
humidity,176,10.0.0.3,1647664167.1550236,0,10.0.0.4,1647664167.1793597
sound,164,10.0.0.3,1647664167.2564664,0,10.0.0.4,1647664167.2851942
sound,174,10.0.0.3,1647664167.3566637,0,10.0.0.4,1647664167.3791125
temperature,234,10.0.0.3,1647664167.4593098,0,10.0.0.4,1647664167.5004318
temperature,454,10.0.0.3,1647664167.5653427,0,10.0.0.4,1647664167.5889618
humidity,129,10.0.0.3,1647664167.6661184,0,10.0.0.4,1647664167.6885872
airquality,305,10.0.0.3,1647664167.7669475,0,10.0.0.4,1647664167.8116374
altitude,401,10.0.0.3,1647664167.8712225,0,10.0.0.4,1647664167.8955202
pressure,271,10.0.0.3,1647664167.9719934,0,10.0.0.4,1647664168.0020905
weather,229,10.0.0.3,1647664168.0725248,0,10.0.0.4,1647664168.123107
humidity,358,10.0.0.3,1647664168.1729198,0,10.0.0.4,1647664168.2011595
sound,360,10.0.0.3,1647664168.2771301,0,10.0.0.4,1647664168.3009996
temperature,102,10.0.0.3,1647664168.386977,0,10.0.0.4,1647664168.4354188
weather,83,10.0.0.3,1647664168.4872947,0,10.0.0.4,1647664168.5089798
weather,186,10.0.0.3,1647664168.6115663,0,10.0.0.4,1647664168.6334598
location,409,10.0.0.3,1647664168.723622,0,10.0.0.4,1647664168.7588844
humidity,435,10.0.0.3,1647664168.8243313,0,10.0.0.4,1647664168.8449755
humidity,100,10.0.0.3,1647664169.0400033,0,10.0.0.4,1647664169.0847356
humidity,284,10.0.0.3,1647664169.1406586,0,10.0.0.4,1647664169.161776
airquality,20,10.0.0.3,1647664169.241425,0,10.0.0.4,1647664169.2628987
temperature,341,10.0.0.3,1647664169.3420565,0,10.0.0.4,1647664169.365713
altitude,2,10.0.0.3,1647664169.4424038,0,10.0.0.4,1647664169.4653785
pressure,403,10.0.0.3,1647664169.645283,0,10.0.0.4,1647664169.6673388
altitude,405,10.0.0.3,1647664169.7461214,0,10.0.0.4,1647664169.7758498
altitude,74,10.0.0.3,1647664169.8542109,0,10.0.0.4,1647664169.8911104
humidity,468,10.0.0.3,1647664169.9550753,0,10.0.0.4,1647664169.9770148
sound,455,10.0.0.3,1647664170.0563385,0,10.0.0.4,1647664170.077377
location,159,10.0.0.3,1647664170.261303,0,10.0.0.4,1647664170.2941816
altitude,402,10.0.0.3,1647664170.3622828,0,10.0.0.4,1647664170.3847413
pressure,186,10.0.0.3,1647664170.4630015,0,10.0.0.4,1647664170.5087447
airquality,495,10.0.0.3,1647664170.5646648,0,10.0.0.4,1647664170.594971
sound,60,10.0.0.3,1647664170.7754276,0,10.0.0.4,1647664170.8214567
location,375,10.0.0.3,1647664170.8758528,0,10.0.0.4,1647664170.8998272
pressure,186,10.0.0.3,1647664171.1210043,0,10.0.0.4,1647664171.1541946
location,483,10.0.0.3,1647664171.221238,0,10.0.0.4,1647664171.243394
sound,139,10.0.0.3,1647664171.3394427,0,10.0.0.4,1647664171.3748212
weather,119,10.0.0.3,1647664171.4396682,0,10.0.0.4,1647664171.462806
airquality,354,10.0.0.3,1647664171.5401592,0,10.0.0.4,1647664171.5634062
weather,113,10.0.0.3,1647664171.640798,0,10.0.0.4,1647664171.6645267
pressure,460,10.0.0.3,1647664171.7416735,0,10.0.0.4,1647664171.7625341
sound,437,10.0.0.3,1647664171.8421884,0,10.0.0.4,1647664171.8634408
pressure,468,10.0.0.3,1647664171.9427319,0,10.0.0.4,1647664171.9631467
altitude,41,10.0.0.3,1647664172.0431473,0,10.0.0.4,1647664172.0691967
airquality,232,10.0.0.3,1647664172.1438425,0,10.0.0.4,1647664172.1669996
location,477,10.0.0.3,1647664172.2487388,0,10.0.0.4,1647664172.2832685
weather,300,10.0.0.3,1647664172.4505768,0,10.0.0.4,1647664172.4731717
weather,17,10.0.0.3,1647664172.55258,0,10.0.0.4,1647664172.6745477
humidity,342,10.0.0.3,1647664172.7590568,0,10.0.0.4,1647664172.8091567
humidity,238,10.0.0.3,1647664172.8593242,0,10.0.0.4,1647664172.8804412
humidity,63,10.0.0.3,1647664172.9695537,0,10.0.0.4,1647664172.9930055
humidity,459,10.0.0.3,1647664173.069897,0,10.0.0.4,1647664173.1071482
humidity,141,10.0.0.3,1647664173.1703172,0,10.0.0.4,1647664173.1932886
pressure,185,10.0.0.3,1647664173.2731307,0,10.0.0.4,1647664173.310099
sound,105,10.0.0.3,1647664173.376877,0,10.0.0.4,1647664173.4041877
temperature,159,10.0.0.3,1647664173.6211677,0,10.0.0.4,1647664173.666383
weather,234,10.0.0.3,1647664173.7213547,0,10.0.0.4,1647664173.7587245
airquality,175,10.0.0.3,1647664173.8250535,0,10.0.0.4,1647664173.8475704
sound,122,10.0.0.3,1647664174.1778896,0,10.0.0.4,1647664174.2408228
weather,115,10.0.0.3,1647664174.7140765,0,10.0.0.4,1647664174.7358372
humidity,149,10.0.0.3,1647664174.8168252,0,10.0.0.4,1647664174.8695636
weather,125,10.0.0.3,1647664174.932249,0,10.0.0.4,1647664174.968627
weather,271,10.0.0.3,1647664175.0330517,0,10.0.0.4,1647664175.0698826
location,200,10.0.0.3,1647664175.133248,0,10.0.0.4,1647664175.170059
pressure,134,10.0.0.3,1647664175.33751,0,10.0.0.4,1647664175.3790398
altitude,255,10.0.0.3,1647664175.4388065,0,10.0.0.4,1647664175.469246
sound,88,10.0.0.3,1647664175.540835,0,10.0.0.4,1647664175.58103
sound,205,10.0.0.3,1647664175.645122,0,10.0.0.4,1647664175.6687937
airquality,375,10.0.0.3,1647664175.7453253,0,10.0.0.4,1647664175.7686937
pressure,496,10.0.0.3,1647664175.8487005,0,10.0.0.4,1647664175.892717
pressure,431,10.0.0.3,1647664175.9526606,0,10.0.0.4,1647664175.9768622
temperature,127,10.0.0.3,1647664176.052982,0,10.0.0.4,1647664176.0886326
sound,55,10.0.0.3,1647664176.157129,0,10.0.0.4,1647664176.2522962
airquality,278,10.0.0.3,1647664176.257613,0,10.0.0.4,1647664176.2820437
airquality,392,10.0.0.3,1647664176.3580682,0,10.0.0.4,1647664176.3945189
humidity,189,10.0.0.3,1647664176.5328078,0,10.0.0.4,1647664176.5592794
weather,407,10.0.0.3,1647664176.6334658,0,10.0.0.4,1647664176.6555521
sound,246,10.0.0.3,1647664176.7402606,0,10.0.0.4,1647664176.7634807
sound,457,10.0.0.3,1647664176.8464653,0,10.0.0.4,1647664176.8688889
airquality,272,10.0.0.3,1647664176.9490128,0,10.0.0.4,1647664176.969902
altitude,259,10.0.0.3,1647664177.0495794,0,10.0.0.4,1647664177.0713787
location,43,10.0.0.3,1647664177.150148,0,10.0.0.4,1647664177.171114
weather,90,10.0.0.3,1647664177.251239,0,10.0.0.4,1647664177.272326
pressure,448,10.0.0.3,1647664177.3516383,0,10.0.0.4,1647664177.380671
airquality,358,10.0.0.3,1647664177.4528794,0,10.0.0.4,1647664177.5850244
altitude,284,10.0.0.3,1647664177.5853763,0,10.0.0.4,1647664177.6061432
temperature,311,10.0.0.3,1647664177.7089133,0,10.0.0.4,1647664177.7355642
weather,458,10.0.0.3,1647664177.8096595,0,10.0.0.4,1647664177.8308508
humidity,170,10.0.0.3,1647664177.9113512,0,10.0.0.4,1647664177.9405868
altitude,170,10.0.0.3,1647664178.0125763,0,10.0.0.4,1647664178.1061563
humidity,29,10.0.0.3,1647664178.2164428,0,10.0.0.4,1647664178.2679222
temperature,350,10.0.0.3,1647664178.3168545,0,10.0.0.4,1647664178.3981237
altitude,237,10.0.0.3,1647664178.417204,0,10.0.0.4,1647664178.4454715
location,438,10.0.0.3,1647664178.5175931,0,10.0.0.4,1647664178.5522046
weather,192,10.0.0.3,1647664178.6180182,0,10.0.0.4,1647664178.6790814
airquality,234,10.0.0.3,1647664178.8186235,0,10.0.0.4,1647664178.9173508
weather,269,10.0.0.3,1647664179.1203291,0,10.0.0.4,1647664179.1493611
weather,499,10.0.0.3,1647664179.2226748,0,10.0.0.4,1647664179.2490828
altitude,441,10.0.0.3,1647664179.323081,0,10.0.0.4,1647664179.4738238
altitude,435,10.0.0.3,1647664179.4734287,0,10.0.0.4,1647664179.4954274
location,150,10.0.0.3,1647664179.5812223,0,10.0.0.4,1647664179.6027334
location,232,10.0.0.3,1647664179.681587,0,10.0.0.4,1647664179.7295787
altitude,384,10.0.0.3,1647664179.7819757,0,10.0.0.4,1647664179.80462
humidity,12,10.0.0.3,1647664179.8923733,0,10.0.0.4,1647664179.9285111
airquality,156,10.0.0.3,1647664179.9953773,0,10.0.0.4,1647664180.0738878
weather,194,10.0.0.3,1647664180.095954,0,10.0.0.4,1647664180.129029
weather,361,10.0.0.3,1647664180.2014332,0,10.0.0.4,1647664180.2887287
weather,392,10.0.0.3,1647664180.3020027,0,10.0.0.4,1647664180.3288891
airquality,54,10.0.0.3,1647664180.4025044,0,10.0.0.4,1647664180.425191
altitude,264,10.0.0.3,1647664180.5028486,0,10.0.0.4,1647664180.5328536
weather,303,10.0.0.3,1647664180.7040203,0,10.0.0.4,1647664180.7253294
weather,477,10.0.0.3,1647664180.8045394,0,10.0.0.4,1647664180.8466663
airquality,213,10.0.0.3,1647664180.9048507,0,10.0.0.4,1647664180.9400496
location,132,10.0.0.3,1647664181.0051546,0,10.0.0.4,1647664181.026531
altitude,137,10.0.0.3,1647664181.2060056,0,10.0.0.4,1647664181.227727
location,123,10.0.0.3,1647664181.3065395,0,10.0.0.4,1647664181.3531063
weather,306,10.0.0.3,1647664181.406801,0,10.0.0.4,1647664181.4370542
temperature,266,10.0.0.3,1647664181.5121043,0,10.0.0.4,1647664181.537814
pressure,171,10.0.0.3,1647664181.6128118,0,10.0.0.4,1647664181.6582267
airquality,111,10.0.0.3,1647664181.7131605,0,10.0.0.4,1647664181.7599146
airquality,215,10.0.0.3,1647664181.8162215,0,10.0.0.4,1647664181.8485708
temperature,374,10.0.0.3,1647664181.9168086,0,10.0.0.4,1647664181.953834
altitude,94,10.0.0.3,1647664182.0178058,0,10.0.0.4,1647664182.0409625
humidity,150,10.0.0.3,1647664182.2186768,0,10.0.0.4,1647664182.2400918
humidity,384,10.0.0.3,1647664182.4195743,0,10.0.0.4,1647664182.5263863
airquality,65,10.0.0.3,1647664182.5200508,0,10.0.0.4,1647664182.5407908
sound,372,10.0.0.3,1647664182.8266008,0,10.0.0.4,1647664182.9239764
altitude,64,10.0.0.3,1647664182.927251,0,10.0.0.4,1647664182.9482763
altitude,314,10.0.0.3,1647664183.0278833,0,10.0.0.4,1647664183.1683586
altitude,434,10.0.0.3,1647664183.1282976,0,10.0.0.4,1647664183.1785314
sound,370,10.0.0.3,1647664183.229201,0,10.0.0.4,1647664183.2518818
sound,409,10.0.0.3,1647664183.334961,0,10.0.0.4,1647664183.4614816
airquality,120,10.0.0.3,1647664183.4357414,0,10.0.0.4,1647664183.471609
weather,490,10.0.0.3,1647664183.5360677,0,10.0.0.4,1647664183.576712
sound,469,10.0.0.3,1647664183.6426997,0,10.0.0.4,1647664183.7033472
sound,48,10.0.0.3,1647664183.7444847,0,10.0.0.4,1647664183.7650533
location,407,10.0.0.3,1647664183.8448098,0,10.0.0.4,1647664183.8658926
sound,363,10.0.0.3,1647664183.945695,0,10.0.0.4,1647664183.9710877
pressure,120,10.0.0.3,1647664184.1470914,0,10.0.0.4,1647664184.1682038
weather,36,10.0.0.3,1647664184.2534106,0,10.0.0.4,1647664184.2745886
temperature,62,10.0.0.3,1647664184.3539114,0,10.0.0.4,1647664184.3754199
weather,377,10.0.0.3,1647664184.4553761,0,10.0.0.4,1647664184.4765038
pressure,173,10.0.0.3,1647664184.5558088,0,10.0.0.4,1647664184.5766659
