weather,282,10.0.0.2,1644644357.7689273,0,10.0.0.10,1644644357.7709284
light,439,10.0.0.2,1644644357.7690973,0,10.0.0.10,1644644357.7711751
weather,436,10.0.0.2,1644644357.7691448,0,10.0.0.10,1644644357.7712574
weather,358,10.0.0.2,1644644357.769216,0,10.0.0.10,1644644357.7713249
location,364,10.0.0.2,1644644357.769286,0,10.0.0.10,1644644357.771392
altitude,498,10.0.0.2,1644644357.7693174,0,10.0.0.10,1644644357.7714539
altitude,186,10.0.0.2,1644644357.7693841,0,10.0.0.10,1644644357.7715147
weather,52,10.0.0.2,1644644357.7694135,0,10.0.0.10,1644644357.7715747
altitude,225,10.0.0.2,1644644357.7694747,0,10.0.0.10,1644644357.7716336
weather,154,10.0.0.2,1644644357.769504,0,10.0.0.10,1644644357.7716925
weather,77,10.0.0.2,1644644357.7695632,0,10.0.0.10,1644644357.7717507
location,74,10.0.0.2,1644644357.769595,0,10.0.0.10,1644644357.7718089
weather,70,10.0.0.2,1644644357.7696257,0,10.0.0.10,1644644357.7718673
location,56,10.0.0.2,1644644357.7696579,0,10.0.0.10,1644644357.7719257
altitude,318,10.0.0.2,1644644357.7697163,0,10.0.0.10,1644644357.7719839
weather,397,10.0.0.2,1644644357.7697446,0,10.0.0.10,1644644357.7720416
weather,220,10.0.0.2,1644644357.7697742,0,10.0.0.10,1644644357.7720995
light,219,10.0.0.2,1644644357.769805,0,10.0.0.10,1644644357.7721577
weather,386,10.0.0.2,1644644357.76993,0,10.0.0.10,1644644357.7722156
altitude,271,10.0.0.2,1644644357.769961,0,10.0.0.10,1644644357.772323
light,267,10.0.0.2,1644644357.7700243,0,10.0.0.10,1644644357.77239
light,213,10.0.0.2,1644644357.7700868,0,10.0.0.10,1644644357.7724504
location,199,10.0.0.2,1644644357.7702715,0,10.0.0.10,1644644357.7725105
light,486,10.0.0.2,1644644357.7703042,0,10.0.0.10,1644644357.7725697
weather,263,10.0.0.2,1644644357.7703357,0,10.0.0.10,1644644357.772629
weather,282,10.0.0.2,1644644357.7689273,0,10.0.0.7,1644644357.772827
light,439,10.0.0.2,1644644357.7690973,0,10.0.0.7,1644644357.7729964
weather,436,10.0.0.2,1644644357.7691448,0,10.0.0.7,1644644357.773067
weather,358,10.0.0.2,1644644357.769216,0,10.0.0.7,1644644357.773131
location,364,10.0.0.2,1644644357.769286,0,10.0.0.7,1644644357.7731926
weather,52,10.0.0.2,1644644357.7694135,0,10.0.0.7,1644644357.7732522
weather,154,10.0.0.2,1644644357.769504,0,10.0.0.7,1644644357.773316
weather,77,10.0.0.2,1644644357.7695632,0,10.0.0.7,1644644357.7733765
location,74,10.0.0.2,1644644357.769595,0,10.0.0.7,1644644357.773437
weather,70,10.0.0.2,1644644357.7696257,0,10.0.0.7,1644644357.773541
location,56,10.0.0.2,1644644357.7696579,0,10.0.0.7,1644644357.7736056
weather,397,10.0.0.2,1644644357.7697446,0,10.0.0.7,1644644357.7736666
weather,220,10.0.0.2,1644644357.7697742,0,10.0.0.7,1644644357.7737255
light,219,10.0.0.2,1644644357.769805,0,10.0.0.7,1644644357.7738223
weather,386,10.0.0.2,1644644357.76993,0,10.0.0.7,1644644357.773891
weather,282,10.0.0.2,1644644357.7689273,0,10.0.0.8,1644644357.7741063
weather,436,10.0.0.2,1644644357.7691448,0,10.0.0.8,1644644357.774312
sound,443,10.0.0.2,1644644357.7691827,0,10.0.0.8,1644644357.7743883
weather,358,10.0.0.2,1644644357.769216,0,10.0.0.8,1644644357.7744558
sound,459,10.0.0.2,1644644357.7692525,0,10.0.0.8,1644644357.774526
temperature,411,10.0.0.3,1644644357.7709694,0,10.0.0.8,1644644357.7746196
location,364,10.0.0.2,1644644357.769286,0,10.0.0.8,1644644357.7747533
temperature,441,10.0.0.3,1644644357.7710867,0,10.0.0.8,1644644357.7748146
weather,52,10.0.0.2,1644644357.7694135,0,10.0.0.8,1644644357.7748802
temperature,153,10.0.0.3,1644644357.7711325,0,10.0.0.8,1644644357.774937
weather,154,10.0.0.2,1644644357.769504,0,10.0.0.8,1644644357.7750194
temperature,344,10.0.0.3,1644644357.7711678,0,10.0.0.8,1644644357.7751193
sound,57,10.0.0.2,1644644357.7695339,0,10.0.0.8,1644644357.7751837
temperature,193,10.0.0.3,1644644357.7712007,0,10.0.0.8,1644644357.7752357
weather,77,10.0.0.2,1644644357.7695632,0,10.0.0.8,1644644357.7752962
light,267,10.0.0.2,1644644357.7700243,0,10.0.0.7,1644644357.773952
temperature,292,10.0.0.3,1644644357.7712312,0,10.0.0.8,1644644357.7753847
location,74,10.0.0.2,1644644357.769595,0,10.0.0.8,1644644357.7754574
light,213,10.0.0.2,1644644357.7700868,0,10.0.0.7,1644644357.7754724
temperature,314,10.0.0.3,1644644357.7712624,0,10.0.0.8,1644644357.7755184
location,199,10.0.0.2,1644644357.7702715,0,10.0.0.7,1644644357.77556
weather,70,10.0.0.2,1644644357.7696257,0,10.0.0.8,1644644357.775584
light,486,10.0.0.2,1644644357.7703042,0,10.0.0.7,1644644357.7756314
temperature,63,10.0.0.3,1644644357.7712915,0,10.0.0.8,1644644357.775635
weather,263,10.0.0.2,1644644357.7703357,0,10.0.0.7,1644644357.7756972
location,56,10.0.0.2,1644644357.7696579,0,10.0.0.8,1644644357.7756991
temperature,359,10.0.0.3,1644644357.7713199,0,10.0.0.8,1644644357.7757518
weather,208,10.0.0.2,1644644357.7704065,0,10.0.0.7,1644644357.7757592
weather,397,10.0.0.2,1644644357.7697446,0,10.0.0.8,1644644357.7758136
weather,155,10.0.0.2,1644644357.7705438,0,10.0.0.7,1644644357.7758205
temperature,190,10.0.0.3,1644644357.7713478,0,10.0.0.8,1644644357.7758656
weather,220,10.0.0.2,1644644357.7697742,0,10.0.0.8,1644644357.7759278
temperature,129,10.0.0.3,1644644357.7713754,0,10.0.0.8,1644644357.7759795
temperature,450,10.0.0.2,1644644357.7698915,0,10.0.0.8,1644644357.7760415
temperature,469,10.0.0.3,1644644357.7714028,0,10.0.0.8,1644644357.776092
sound,443,10.0.0.2,1644644357.7691827,0,10.0.0.9,1644644357.7759914
weather,386,10.0.0.2,1644644357.76993,0,10.0.0.8,1644644357.77619
sound,459,10.0.0.2,1644644357.7692525,0,10.0.0.9,1644644357.7762144
temperature,54,10.0.0.3,1644644357.7714303,0,10.0.0.8,1644644357.776246
sound,57,10.0.0.2,1644644357.7695339,0,10.0.0.9,1644644357.7762876
temperature,34,10.0.0.2,1644644357.769991,0,10.0.0.8,1644644357.7763066
sound,274,10.0.0.2,1644644357.7700565,0,10.0.0.9,1644644357.7763503
temperature,287,10.0.0.3,1644644357.771458,0,10.0.0.8,1644644357.7763572
sound,279,10.0.0.2,1644644357.7701163,0,10.0.0.9,1644644357.7764091
sound,274,10.0.0.2,1644644357.7700565,0,10.0.0.8,1644644357.7764223
weather,282,10.0.0.2,1644644357.7689273,0,10.0.0.11,1644644357.7765448
weather,436,10.0.0.2,1644644357.7691448,0,10.0.0.11,1644644357.7767088
weather,358,10.0.0.2,1644644357.769216,0,10.0.0.11,1644644357.7767806
location,364,10.0.0.2,1644644357.769286,0,10.0.0.11,1644644357.7768455
weather,52,10.0.0.2,1644644357.7694135,0,10.0.0.11,1644644357.7769072
weather,154,10.0.0.2,1644644357.769504,0,10.0.0.11,1644644357.77697
weather,77,10.0.0.2,1644644357.7695632,0,10.0.0.11,1644644357.777032
location,74,10.0.0.2,1644644357.769595,0,10.0.0.11,1644644357.7770915
weather,70,10.0.0.2,1644644357.7696257,0,10.0.0.11,1644644357.7771518
location,56,10.0.0.2,1644644357.7696579,0,10.0.0.11,1644644357.7772114
weather,397,10.0.0.2,1644644357.7697446,0,10.0.0.11,1644644357.7772708
weather,220,10.0.0.2,1644644357.7697742,0,10.0.0.11,1644644357.77733
weather,386,10.0.0.2,1644644357.76993,0,10.0.0.11,1644644357.7773883
location,199,10.0.0.2,1644644357.7702715,0,10.0.0.11,1644644357.7774467
location,358,10.0.0.2,1644644357.7778337,0,10.0.0.7,1644644357.7801123
weather,383,10.0.0.2,1644644357.7779088,0,10.0.0.7,1644644357.7802596
weather,390,10.0.0.2,1644644357.7779527,0,10.0.0.7,1644644357.7804255
light,358,10.0.0.2,1644644357.7782688,0,10.0.0.7,1644644357.780507
weather,475,10.0.0.2,1644644357.7783864,0,10.0.0.7,1644644357.7805805
light,318,10.0.0.2,1644644357.77842,0,10.0.0.7,1644644357.7806473
light,31,10.0.0.2,1644644357.7785118,0,10.0.0.7,1644644357.7807097
weather,94,10.0.0.2,1644644357.7785416,0,10.0.0.7,1644644357.7807717
weather,382,10.0.0.2,1644644357.7785752,0,10.0.0.7,1644644357.7808337
weather,123,10.0.0.2,1644644357.7786067,0,10.0.0.7,1644644357.7808955
weather,13,10.0.0.2,1644644357.7786684,0,10.0.0.7,1644644357.7809577
light,304,10.0.0.2,1644644357.778729,0,10.0.0.7,1644644357.7810178
weather,165,10.0.0.2,1644644357.778824,0,10.0.0.7,1644644357.7810779
location,299,10.0.0.2,1644644357.7788534,0,10.0.0.7,1644644357.7811372
light,387,10.0.0.2,1644644357.7789438,0,10.0.0.7,1644644357.7811978
weather,69,10.0.0.2,1644644357.7789826,0,10.0.0.7,1644644357.7812576
light,52,10.0.0.2,1644644357.779185,0,10.0.0.7,1644644357.7813175
sound,229,10.0.0.2,1644644357.770484,0,10.0.0.9,1644644357.782091
sound,137,10.0.0.2,1644644357.7775536,0,10.0.0.9,1644644357.7822602
sound,459,10.0.0.4,1644644357.7769344,0,10.0.0.9,1644644357.7823284
sound,229,10.0.0.2,1644644357.7776508,0,10.0.0.9,1644644357.7823944
sound,222,10.0.0.4,1644644357.77769,0,10.0.0.9,1644644357.7824492
sound,69,10.0.0.2,1644644357.777698,0,10.0.0.9,1644644357.7825096
sound,393,10.0.0.4,1644644357.7785475,0,10.0.0.9,1644644357.7825623
sound,290,10.0.0.2,1644644357.7783468,0,10.0.0.9,1644644357.7826214
sound,265,10.0.0.4,1644644357.7785778,0,10.0.0.9,1644644357.7826724
sound,72,10.0.0.4,1644644357.778875,0,10.0.0.9,1644644357.782733
sound,384,10.0.0.4,1644644357.779054,0,10.0.0.9,1644644357.7827933
sound,326,10.0.0.4,1644644357.7797403,0,10.0.0.9,1644644357.782852
sound,188,10.0.0.4,1644644357.7806895,0,10.0.0.9,1644644357.7829115
sound,66,10.0.0.4,1644644357.780802,0,10.0.0.9,1644644357.782971
sound,357,10.0.0.4,1644644357.7808862,0,10.0.0.9,1644644357.7830322
sound,455,10.0.0.4,1644644357.781084,0,10.0.0.9,1644644357.7830935
weather,263,10.0.0.2,1644644357.7703357,0,10.0.0.11,1644644357.7832282
weather,415,10.0.0.4,1644644357.7767406,0,10.0.0.11,1644644357.7833345
weather,208,10.0.0.2,1644644357.7704065,0,10.0.0.11,1644644357.7834082
airquality,8,10.0.0.4,1644644357.7769668,0,10.0.0.11,1644644357.7834644
weather,155,10.0.0.2,1644644357.7705438,0,10.0.0.11,1644644357.7835462
airquality,220,10.0.0.4,1644644357.7769964,0,10.0.0.11,1644644357.783606
location,358,10.0.0.2,1644644357.7778337,0,10.0.0.11,1644644357.7836685
weather,81,10.0.0.4,1644644357.777025,0,10.0.0.11,1644644357.783722
weather,383,10.0.0.2,1644644357.7779088,0,10.0.0.11,1644644357.7837832
airquality,139,10.0.0.4,1644644357.777057,0,10.0.0.11,1644644357.7838354
weather,390,10.0.0.2,1644644357.7779527,0,10.0.0.11,1644644357.7838953
airquality,66,10.0.0.4,1644644357.7771196,0,10.0.0.11,1644644357.7839463
weather,475,10.0.0.2,1644644357.7783864,0,10.0.0.11,1644644357.7840123
airquality,240,10.0.0.4,1644644357.7771485,0,10.0.0.11,1644644357.7840652
weather,94,10.0.0.2,1644644357.7785416,0,10.0.0.11,1644644357.7841258
airquality,260,10.0.0.4,1644644357.777295,0,10.0.0.11,1644644357.7841763
weather,382,10.0.0.2,1644644357.7785752,0,10.0.0.11,1644644357.7842374
weather,236,10.0.0.4,1644644357.777382,0,10.0.0.11,1644644357.784288
weather,123,10.0.0.2,1644644357.7786067,0,10.0.0.11,1644644357.7843473
weather,486,10.0.0.4,1644644357.7774699,0,10.0.0.11,1644644357.784398
weather,13,10.0.0.2,1644644357.7786684,0,10.0.0.11,1644644357.7844574
weather,386,10.0.0.4,1644644357.7774987,0,10.0.0.11,1644644357.7845082
weather,165,10.0.0.2,1644644357.778824,0,10.0.0.11,1644644357.784567
airquality,192,10.0.0.4,1644644357.7775896,0,10.0.0.11,1644644357.784617
location,299,10.0.0.2,1644644357.7788534,0,10.0.0.11,1644644357.7846756
weather,206,10.0.0.4,1644644357.77775,0,10.0.0.11,1644644357.784726
weather,69,10.0.0.2,1644644357.7789826,0,10.0.0.11,1644644357.784786
airquality,207,10.0.0.4,1644644357.7781367,0,10.0.0.11,1644644357.7848363
weather,414,10.0.0.4,1644644357.7784007,0,10.0.0.11,1644644357.784895
weather,327,10.0.0.4,1644644357.7785158,0,10.0.0.11,1644644357.7849543
weather,222,10.0.0.4,1644644357.7786076,0,10.0.0.11,1644644357.7850137
weather,71,10.0.0.4,1644644357.778916,0,10.0.0.11,1644644357.7850738
weather,438,10.0.0.4,1644644357.780007,0,10.0.0.11,1644644357.7851334
weather,79,10.0.0.4,1644644357.7800937,0,10.0.0.11,1644644357.7851937
airquality,458,10.0.0.4,1644644357.7801533,0,10.0.0.11,1644644357.785254
weather,379,10.0.0.4,1644644357.7802904,0,10.0.0.11,1644644357.7853634
weather,250,10.0.0.4,1644644357.7803679,0,10.0.0.11,1644644357.7854328
airquality,371,10.0.0.4,1644644357.7804923,0,10.0.0.11,1644644357.7854996
airquality,299,10.0.0.4,1644644357.7805216,0,10.0.0.11,1644644357.7855618
weather,415,10.0.0.4,1644644357.7767406,0,10.0.0.7,1644644357.7858834
weather,208,10.0.0.2,1644644357.7704065,0,10.0.0.10,1644644357.7858915
weather,415,10.0.0.4,1644644357.7767406,0,10.0.0.10,1644644357.7861338
altitude,479,10.0.0.6,1644644357.7819135,0,10.0.0.10,1644644357.7862124
weather,155,10.0.0.2,1644644357.7705438,0,10.0.0.10,1644644357.7862887
light,32,10.0.0.4,1644644357.7767968,0,10.0.0.10,1644644357.786344
weather,385,10.0.0.6,1644644357.782384,0,10.0.0.10,1644644357.7863944
location,358,10.0.0.2,1644644357.7778337,0,10.0.0.10,1644644357.7864566
light,84,10.0.0.4,1644644357.7768672,0,10.0.0.10,1644644357.786508
altitude,123,10.0.0.6,1644644357.7824197,0,10.0.0.10,1644644357.7865565
weather,383,10.0.0.2,1644644357.7779088,0,10.0.0.10,1644644357.7866163
light,194,10.0.0.4,1644644357.7769022,0,10.0.0.10,1644644357.7866662
altitude,399,10.0.0.6,1644644357.7824504,0,10.0.0.10,1644644357.7867138
weather,390,10.0.0.2,1644644357.7779527,0,10.0.0.10,1644644357.786779
weather,81,10.0.0.4,1644644357.777025,0,10.0.0.10,1644644357.7868297
weather,449,10.0.0.6,1644644357.7824795,0,10.0.0.10,1644644357.786877
light,358,10.0.0.2,1644644357.7782688,0,10.0.0.10,1644644357.7869353
altitude,413,10.0.0.4,1644644357.7772374,0,10.0.0.10,1644644357.786984
weather,283,10.0.0.6,1644644357.7825122,0,10.0.0.10,1644644357.7870307
weather,475,10.0.0.2,1644644357.7783864,0,10.0.0.10,1644644357.7870893
altitude,489,10.0.0.4,1644644357.777267,0,10.0.0.10,1644644357.7871377
weather,73,10.0.0.6,1644644357.782543,0,10.0.0.10,1644644357.7871852
light,318,10.0.0.2,1644644357.77842,0,10.0.0.10,1644644357.7872438
altitude,40,10.0.0.4,1644644357.7773254,0,10.0.0.10,1644644357.7872927
light,437,10.0.0.6,1644644357.7827227,0,10.0.0.10,1644644357.7873392
altitude,409,10.0.0.2,1644644357.778482,0,10.0.0.10,1644644357.7873971
light,40,10.0.0.4,1644644357.7773535,0,10.0.0.10,1644644357.7874455
weather,310,10.0.0.6,1644644357.7827828,0,10.0.0.10,1644644357.7874923
light,31,10.0.0.2,1644644357.7785118,0,10.0.0.10,1644644357.7875497
weather,236,10.0.0.4,1644644357.777382,0,10.0.0.10,1644644357.787598
location,212,10.0.0.6,1644644357.782839,0,10.0.0.10,1644644357.7876441
weather,94,10.0.0.2,1644644357.7785416,0,10.0.0.10,1644644357.7877016
light,345,10.0.0.4,1644644357.7774127,0,10.0.0.10,1644644357.7877502
altitude,47,10.0.0.6,1644644357.7828672,0,10.0.0.10,1644644357.7877965
weather,382,10.0.0.2,1644644357.7785752,0,10.0.0.10,1644644357.787853
weather,486,10.0.0.4,1644644357.7774699,0,10.0.0.10,1644644357.7879534
light,62,10.0.0.6,1644644357.7829263,0,10.0.0.10,1644644357.7880037
weather,123,10.0.0.2,1644644357.7786067,0,10.0.0.10,1644644357.7880652
weather,386,10.0.0.4,1644644357.7774987,0,10.0.0.10,1644644357.7881157
light,381,10.0.0.6,1644644357.782955,0,10.0.0.10,1644644357.7881632
altitude,188,10.0.0.2,1644644357.7786384,0,10.0.0.10,1644644357.7882218
light,446,10.0.0.4,1644644357.7775269,0,10.0.0.10,1644644357.7882712
light,86,10.0.0.6,1644644357.782989,0,10.0.0.10,1644644357.7883182
weather,13,10.0.0.2,1644644357.7786684,0,10.0.0.10,1644644357.7883763
altitude,235,10.0.0.4,1644644357.7777216,0,10.0.0.10,1644644357.7884262
light,36,10.0.0.6,1644644357.7830882,0,10.0.0.10,1644644357.788474
light,304,10.0.0.2,1644644357.778729,0,10.0.0.10,1644644357.7885325
weather,206,10.0.0.4,1644644357.77775,0,10.0.0.10,1644644357.7885807
weather,343,10.0.0.6,1644644357.7831168,0,10.0.0.10,1644644357.7886274
altitude,331,10.0.0.2,1644644357.778795,0,10.0.0.10,1644644357.788807
altitude,457,10.0.0.4,1644644357.7778711,0,10.0.0.10,1644644357.7889743
location,190,10.0.0.6,1644644357.783178,0,10.0.0.10,1644644357.789046
weather,165,10.0.0.2,1644644357.778824,0,10.0.0.10,1644644357.7892432
altitude,78,10.0.0.4,1644644357.7780633,0,10.0.0.10,1644644357.7893496
location,193,10.0.0.6,1644644357.783207,0,10.0.0.10,1644644357.7894125
location,299,10.0.0.2,1644644357.7788534,0,10.0.0.10,1644644357.7894812
weather,414,10.0.0.4,1644644357.7784007,0,10.0.0.10,1644644357.7895348
weather,159,10.0.0.6,1644644357.783235,0,10.0.0.10,1644644357.7895849
light,387,10.0.0.2,1644644357.7789438,0,10.0.0.10,1644644357.7896473
light,220,10.0.0.4,1644644357.778444,0,10.0.0.10,1644644357.789697
light,75,10.0.0.6,1644644357.7832663,0,10.0.0.10,1644644357.7897444
temperature,274,10.0.0.3,1644644357.7714853,0,10.0.0.8,1644644357.7764745
sound,279,10.0.0.2,1644644357.7701163,0,10.0.0.8,1644644357.7907517
temperature,434,10.0.0.3,1644644357.7715154,0,10.0.0.8,1644644357.7908373
weather,415,10.0.0.4,1644644357.7767406,0,10.0.0.8,1644644357.7908974
weather,385,10.0.0.6,1644644357.782384,0,10.0.0.7,1644644357.790878
airquality,470,10.0.0.6,1644644357.7822905,0,10.0.0.8,1644644357.7909527
location,277,10.0.0.5,1644644357.786145,0,10.0.0.8,1644644357.791005
airquality,289,10.0.0.4,1644644357.7806063,0,10.0.0.11,1644644357.7911024
temperature,250,10.0.0.2,1644644357.7702084,0,10.0.0.8,1644644357.7911355
temperature,367,10.0.0.3,1644644357.7715464,0,10.0.0.8,1644644357.7912035
airquality,470,10.0.0.6,1644644357.7822905,0,10.0.0.11,1644644357.791203
temperature,290,10.0.0.4,1644644357.7768333,0,10.0.0.8,1644644357.7912557
location,277,10.0.0.5,1644644357.786145,0,10.0.0.11,1644644357.7912645
temperature,408,10.0.0.6,1644644357.7823467,0,10.0.0.8,1644644357.7913063
weather,299,10.0.0.4,1644644357.7807178,0,10.0.0.11,1644644357.7913349
weather,351,10.0.0.5,1644644357.7862759,0,10.0.0.8,1644644357.7913554
weather,385,10.0.0.6,1644644357.782384,0,10.0.0.11,1644644357.7913895
location,199,10.0.0.2,1644644357.7702715,0,10.0.0.8,1644644357.7914221
weather,351,10.0.0.5,1644644357.7862759,0,10.0.0.11,1644644357.79144
temperature,7,10.0.0.3,1644644357.7715778,0,10.0.0.8,1644644357.7914753
airquality,352,10.0.0.4,1644644357.7807465,0,10.0.0.11,1644644357.7915015
sound,459,10.0.0.4,1644644357.7769344,0,10.0.0.8,1644644357.7915254
weather,449,10.0.0.6,1644644357.7824795,0,10.0.0.11,1644644357.791553
weather,385,10.0.0.6,1644644357.782384,0,10.0.0.8,1644644357.7915742
airquality,98,10.0.0.5,1644644357.7863226,0,10.0.0.11,1644644357.7916043
airquality,98,10.0.0.5,1644644357.7863226,0,10.0.0.8,1644644357.7916238
weather,283,10.0.0.6,1644644357.7825122,0,10.0.0.11,1644644357.7916641
weather,263,10.0.0.2,1644644357.7703357,0,10.0.0.8,1644644357.7916853
airquality,413,10.0.0.5,1644644357.7863595,0,10.0.0.11,1644644357.7917163
temperature,202,10.0.0.3,1644644357.7716076,0,10.0.0.8,1644644357.7917354
weather,73,10.0.0.6,1644644357.782543,0,10.0.0.11,1644644357.7917752
airquality,8,10.0.0.4,1644644357.7769668,0,10.0.0.8,1644644357.7917836
location,97,10.0.0.5,1644644357.7863948,0,10.0.0.11,1644644357.791826
weather,449,10.0.0.6,1644644357.7824795,0,10.0.0.8,1644644357.7918315
airquality,413,10.0.0.5,1644644357.7863595,0,10.0.0.8,1644644357.7918792
airquality,405,10.0.0.6,1644644357.782635,0,10.0.0.11,1644644357.7918856
airquality,187,10.0.0.5,1644644357.7864282,0,10.0.0.11,1644644357.7919369
weather,208,10.0.0.2,1644644357.7704065,0,10.0.0.8,1644644357.7919402
temperature,269,10.0.0.3,1644644357.7716358,0,10.0.0.8,1644644357.79199
weather,310,10.0.0.6,1644644357.7827828,0,10.0.0.11,1644644357.791996
airquality,220,10.0.0.4,1644644357.7769964,0,10.0.0.8,1644644357.792038
airquality,442,10.0.0.5,1644644357.7865577,0,10.0.0.11,1644644357.7920456
weather,283,10.0.0.6,1644644357.7825122,0,10.0.0.8,1644644357.7920856
location,212,10.0.0.6,1644644357.782839,0,10.0.0.11,1644644357.7921052
location,97,10.0.0.5,1644644357.7863948,0,10.0.0.8,1644644357.7921333
airquality,10,10.0.0.5,1644644357.7866178,0,10.0.0.11,1644644357.7921555
temperature,3,10.0.0.2,1644644357.7704506,0,10.0.0.8,1644644357.7921956
temperature,322,10.0.0.3,1644644357.7716665,0,10.0.0.8,1644644357.7922454
airquality,392,10.0.0.6,1644644357.7830496,0,10.0.0.11,1644644357.792214
weather,81,10.0.0.4,1644644357.777025,0,10.0.0.8,1644644357.7922935
pressure,220,10.0.0.5,1644644357.78671,0,10.0.0.11,1644644357.792307
weather,73,10.0.0.6,1644644357.782543,0,10.0.0.8,1644644357.792341
weather,343,10.0.0.6,1644644357.7831168,0,10.0.0.11,1644644357.7923732
airquality,187,10.0.0.5,1644644357.7864282,0,10.0.0.8,1644644357.7923887
airquality,143,10.0.0.5,1644644357.7867684,0,10.0.0.11,1644644357.7924254
sound,229,10.0.0.2,1644644357.770484,0,10.0.0.8,1644644357.7924485
location,190,10.0.0.6,1644644357.783178,0,10.0.0.11,1644644357.7924862
temperature,2,10.0.0.3,1644644357.771696,0,10.0.0.8,1644644357.7925057
location,117,10.0.0.5,1644644357.7867992,0,10.0.0.11,1644644357.792538
airquality,139,10.0.0.4,1644644357.777057,0,10.0.0.8,1644644357.7925565
location,193,10.0.0.6,1644644357.783207,0,10.0.0.11,1644644357.7925968
temperature,465,10.0.0.6,1644644357.7826066,0,10.0.0.8,1644644357.792605
location,406,10.0.0.5,1644644357.7868571,0,10.0.0.11,1644644357.792647
airquality,442,10.0.0.5,1644644357.7865577,0,10.0.0.8,1644644357.792653
weather,159,10.0.0.6,1644644357.783235,0,10.0.0.11,1644644357.7927053
weather,155,10.0.0.2,1644644357.7705438,0,10.0.0.8,1644644357.7927136
pressure,238,10.0.0.5,1644644357.7868865,0,10.0.0.11,1644644357.792755
temperature,46,10.0.0.3,1644644357.7717237,0,10.0.0.8,1644644357.7927632
temperature,23,10.0.0.4,1644644357.7770898,0,10.0.0.8,1644644357.7928104
airquality,80,10.0.0.6,1644644357.7833354,0,10.0.0.11,1644644357.7928133
airquality,405,10.0.0.6,1644644357.782635,0,10.0.0.8,1644644357.7928581
location,148,10.0.0.5,1644644357.7869153,0,10.0.0.11,1644644357.7928627
airquality,10,10.0.0.5,1644644357.7866178,0,10.0.0.8,1644644357.7929058
weather,159,10.0.0.6,1644644357.7834492,0,10.0.0.11,1644644357.7929206
temperature,213,10.0.0.2,1644644357.7705731,0,10.0.0.8,1644644357.7929666
weather,81,10.0.0.5,1644644357.787001,0,10.0.0.11,1644644357.7929704
temperature,440,10.0.0.3,1644644357.7717535,0,10.0.0.8,1644644357.7930164
location,470,10.0.0.6,1644644357.7838333,0,10.0.0.11,1644644357.7930293
airquality,66,10.0.0.4,1644644357.7771196,0,10.0.0.8,1644644357.793065
location,403,10.0.0.5,1644644357.7870934,0,10.0.0.11,1644644357.79308
temperature,237,10.0.0.6,1644644357.7826657,0,10.0.0.8,1644644357.793112
location,465,10.0.0.6,1644644357.7838657,0,10.0.0.11,1644644357.7931376
pressure,220,10.0.0.5,1644644357.78671,0,10.0.0.8,1644644357.7931602
pressure,32,10.0.0.5,1644644357.7871234,0,10.0.0.11,1644644357.7931871
temperature,242,10.0.0.2,1644644357.7707307,0,10.0.0.8,1644644357.7932203
weather,165,10.0.0.6,1644644357.7839818,0,10.0.0.11,1644644357.7932446
temperature,247,10.0.0.3,1644644357.7717812,0,10.0.0.8,1644644357.7932692
location,55,10.0.0.5,1644644357.7871854,0,10.0.0.11,1644644357.7932935
airquality,240,10.0.0.4,1644644357.7771485,0,10.0.0.8,1644644357.7933173
location,461,10.0.0.6,1644644357.784539,0,10.0.0.11,1644644357.7933524
temperature,495,10.0.0.6,1644644357.7826946,0,10.0.0.8,1644644357.7933645
airquality,439,10.0.0.5,1644644357.7872448,0,10.0.0.11,1644644357.7934022
airquality,143,10.0.0.5,1644644357.7867684,0,10.0.0.8,1644644357.7934122
weather,209,10.0.0.6,1644644357.784569,0,10.0.0.11,1644644357.7934594
sound,137,10.0.0.2,1644644357.7775536,0,10.0.0.8,1644644357.7934723
airquality,477,10.0.0.5,1644644357.7872853,0,10.0.0.11,1644644357.793509
temperature,442,10.0.0.3,1644644357.7718089,0,10.0.0.8,1644644357.793522
airquality,145,10.0.0.6,1644644357.7845998,0,10.0.0.11,1644644357.793567
temperature,45,10.0.0.4,1644644357.7772093,0,10.0.0.8,1644644357.79357
location,413,10.0.0.5,1644644357.787349,0,10.0.0.11,1644644357.7936158
temperature,429,10.0.0.6,1644644357.7827544,0,10.0.0.8,1644644357.7936184
location,117,10.0.0.5,1644644357.7867992,0,10.0.0.8,1644644357.7936661
airquality,358,10.0.0.6,1644644357.7846618,0,10.0.0.11,1644644357.7936733
location,362,10.0.0.5,1644644357.787378,0,10.0.0.11,1644644357.7937222
sound,229,10.0.0.2,1644644357.7776508,0,10.0.0.8,1644644357.7937262
temperature,265,10.0.0.3,1644644357.7718356,0,10.0.0.8,1644644357.7937753
weather,206,10.0.0.6,1644644357.7846906,0,10.0.0.11,1644644357.7937794
airquality,260,10.0.0.4,1644644357.777295,0,10.0.0.8,1644644357.7938368
airquality,232,10.0.0.5,1644644357.7874076,0,10.0.0.11,1644644357.7938418
weather,310,10.0.0.6,1644644357.7827828,0,10.0.0.8,1644644357.7938821
weather,218,10.0.0.6,1644644357.784752,0,10.0.0.11,1644644357.7938974
light,32,10.0.0.4,1644644357.7767968,0,10.0.0.7,1644644357.794086
weather,449,10.0.0.6,1644644357.7824795,0,10.0.0.7,1644644357.7943656
location,277,10.0.0.5,1644644357.786145,0,10.0.0.7,1644644357.7947369
light,84,10.0.0.4,1644644357.7768672,0,10.0.0.7,1644644357.797356
weather,283,10.0.0.6,1644644357.7825122,0,10.0.0.7,1644644357.7974474
weather,351,10.0.0.5,1644644357.7862759,0,10.0.0.7,1644644357.7975082
weather,69,10.0.0.2,1644644357.7789826,0,10.0.0.10,1644644357.7898164
weather,327,10.0.0.4,1644644357.7785158,0,10.0.0.10,1644644357.8022687
altitude,488,10.0.0.6,1644644357.7832952,0,10.0.0.10,1644644357.8023367
sound,188,10.0.0.2,1644644357.802326,0,10.0.0.9,1644644357.802638
light,194,10.0.0.4,1644644357.7769022,0,10.0.0.7,1644644357.802798
weather,73,10.0.0.6,1644644357.782543,0,10.0.0.7,1644644357.802905
location,97,10.0.0.5,1644644357.7863948,0,10.0.0.7,1644644357.8029668
light,272,10.0.0.2,1644644357.7983608,0,10.0.0.7,1644644357.8030477
weather,81,10.0.0.4,1644644357.777025,0,10.0.0.7,1644644357.8031042
light,437,10.0.0.6,1644644357.7827227,0,10.0.0.7,1644644357.8031561
light,455,10.0.0.5,1644644357.7864952,0,10.0.0.7,1644644357.8032064
light,40,10.0.0.4,1644644357.7773535,0,10.0.0.7,1644644357.8032684
weather,310,10.0.0.6,1644644357.7827828,0,10.0.0.7,1644644357.8033197
light,9,10.0.0.5,1644644357.786739,0,10.0.0.7,1644644357.80337
weather,236,10.0.0.4,1644644357.777382,0,10.0.0.7,1644644357.80343
location,212,10.0.0.6,1644644357.782839,0,10.0.0.7,1644644357.803481
location,117,10.0.0.5,1644644357.7867992,0,10.0.0.7,1644644357.8035314
light,345,10.0.0.4,1644644357.7774127,0,10.0.0.7,1644644357.8035915
light,62,10.0.0.6,1644644357.7829263,0,10.0.0.7,1644644357.8036423
location,406,10.0.0.5,1644644357.7868571,0,10.0.0.7,1644644357.8036916
weather,486,10.0.0.4,1644644357.7774699,0,10.0.0.7,1644644357.8037517
light,381,10.0.0.6,1644644357.782955,0,10.0.0.7,1644644357.8038015
location,148,10.0.0.5,1644644357.7869153,0,10.0.0.7,1644644357.8038502
weather,386,10.0.0.4,1644644357.7774987,0,10.0.0.7,1644644357.8039105
light,86,10.0.0.6,1644644357.782989,0,10.0.0.7,1644644357.8039613
light,443,10.0.0.5,1644644357.7869725,0,10.0.0.7,1644644357.8040504
light,446,10.0.0.4,1644644357.7775269,0,10.0.0.7,1644644357.8041227
light,36,10.0.0.6,1644644357.7830882,0,10.0.0.7,1644644357.804175
weather,81,10.0.0.5,1644644357.787001,0,10.0.0.7,1644644357.804224
weather,206,10.0.0.4,1644644357.77775,0,10.0.0.7,1644644357.8042834
weather,343,10.0.0.6,1644644357.7831168,0,10.0.0.7,1644644357.8043332
light,312,10.0.0.5,1644644357.7870338,0,10.0.0.7,1644644357.8043816
weather,414,10.0.0.4,1644644357.7784007,0,10.0.0.7,1644644357.804441
location,190,10.0.0.6,1644644357.783178,0,10.0.0.7,1644644357.8044925
location,403,10.0.0.5,1644644357.7870934,0,10.0.0.7,1644644357.8045416
light,220,10.0.0.4,1644644357.778444,0,10.0.0.7,1644644357.8046012
location,193,10.0.0.6,1644644357.783207,0,10.0.0.7,1644644357.8046508
light,52,10.0.0.5,1644644357.7871544,0,10.0.0.7,1644644357.8046994
weather,327,10.0.0.4,1644644357.7785158,0,10.0.0.7,1644644357.8047588
weather,159,10.0.0.6,1644644357.783235,0,10.0.0.7,1644644357.8048086
location,55,10.0.0.5,1644644357.7871854,0,10.0.0.7,1644644357.8048573
weather,222,10.0.0.4,1644644357.7786076,0,10.0.0.7,1644644357.8049178
light,75,10.0.0.6,1644644357.7832663,0,10.0.0.7,1644644357.8049674
light,298,10.0.0.5,1644644357.7872143,0,10.0.0.7,1644644357.8050165
light,352,10.0.0.4,1644644357.77867,0,10.0.0.7,1644644357.805076
weather,159,10.0.0.6,1644644357.7834492,0,10.0.0.7,1644644357.8051267
light,294,10.0.0.5,1644644357.7873185,0,10.0.0.7,1644644357.8051784
weather,71,10.0.0.4,1644644357.778916,0,10.0.0.7,1644644357.8052392
light,190,10.0.0.6,1644644357.7836347,0,10.0.0.7,1644644357.80529
location,413,10.0.0.5,1644644357.787349,0,10.0.0.7,1644644357.8053389
light,436,10.0.0.4,1644644357.7794998,0,10.0.0.7,1644644357.8054297
light,266,10.0.0.6,1644644357.7837267,0,10.0.0.7,1644644357.8054903
location,362,10.0.0.5,1644644357.787378,0,10.0.0.7,1644644357.805541
weather,438,10.0.0.4,1644644357.780007,0,10.0.0.7,1644644357.805605
location,470,10.0.0.6,1644644357.7838333,0,10.0.0.7,1644644357.8056564
location,80,10.0.0.5,1644644357.7874362,0,10.0.0.7,1644644357.8057168
weather,79,10.0.0.4,1644644357.7800937,0,10.0.0.7,1644644357.8058186
location,465,10.0.0.6,1644644357.7838657,0,10.0.0.7,1644644357.8058724
location,87,10.0.0.5,1644644357.7874653,0,10.0.0.7,1644644357.8059227
light,93,10.0.0.4,1644644357.7801235,0,10.0.0.7,1644644357.8059833
weather,165,10.0.0.6,1644644357.7839818,0,10.0.0.7,1644644357.806035
location,438,10.0.0.5,1644644357.7875812,0,10.0.0.7,1644644357.8060987
location,406,10.0.0.5,1644644357.7868571,0,10.0.0.8,1644644357.7939274
sound,69,10.0.0.2,1644644357.777698,0,10.0.0.8,1644644357.8063943
temperature,8,10.0.0.3,1644644357.771863,0,10.0.0.8,1644644357.8064957
weather,236,10.0.0.4,1644644357.777382,0,10.0.0.8,1644644357.8065648
location,212,10.0.0.6,1644644357.782839,0,10.0.0.8,1644644357.806622
pressure,238,10.0.0.5,1644644357.7868865,0,10.0.0.8,1644644357.8066747
location,358,10.0.0.2,1644644357.7778337,0,10.0.0.8,1644644357.8067427
temperature,93,10.0.0.3,1644644357.7718904,0,10.0.0.8,1644644357.8067987
weather,486,10.0.0.4,1644644357.7774699,0,10.0.0.8,1644644357.8068497
airquality,392,10.0.0.6,1644644357.7830496,0,10.0.0.8,1644644357.8069007
location,148,10.0.0.5,1644644357.7869153,0,10.0.0.8,1644644357.8069923
weather,383,10.0.0.2,1644644357.7779088,0,10.0.0.8,1644644357.807063
temperature,308,10.0.0.3,1644644357.7719197,0,10.0.0.8,1644644357.8071175
weather,386,10.0.0.4,1644644357.7774987,0,10.0.0.8,1644644357.8071687
weather,343,10.0.0.6,1644644357.7831168,0,10.0.0.8,1644644357.8072195
weather,81,10.0.0.5,1644644357.787001,0,10.0.0.8,1644644357.8072703
weather,390,10.0.0.2,1644644357.7779527,0,10.0.0.8,1644644357.8073356
temperature,274,10.0.0.3,1644644357.7719471,0,10.0.0.8,1644644357.8073878
airquality,192,10.0.0.4,1644644357.7775896,0,10.0.0.8,1644644357.8074381
temperature,471,10.0.0.6,1644644357.7831495,0,10.0.0.8,1644644357.8074877
location,403,10.0.0.5,1644644357.7870934,0,10.0.0.8,1644644357.8075387
sound,290,10.0.0.2,1644644357.7783468,0,10.0.0.8,1644644357.8076015
temperature,399,10.0.0.3,1644644357.7719767,0,10.0.0.8,1644644357.8076527
sound,222,10.0.0.4,1644644357.77769,0,10.0.0.8,1644644357.807702
location,190,10.0.0.6,1644644357.783178,0,10.0.0.8,1644644357.8077512
pressure,32,10.0.0.5,1644644357.7871234,0,10.0.0.8,1644644357.8078012
weather,475,10.0.0.2,1644644357.7783864,0,10.0.0.8,1644644357.807864
temperature,130,10.0.0.3,1644644357.7720044,0,10.0.0.8,1644644357.807916
weather,206,10.0.0.4,1644644357.77775,0,10.0.0.8,1644644357.807965
location,193,10.0.0.6,1644644357.783207,0,10.0.0.8,1644644357.8080137
location,55,10.0.0.5,1644644357.7871854,0,10.0.0.8,1644644357.8080614
weather,94,10.0.0.2,1644644357.7785416,0,10.0.0.8,1644644357.8081238
temperature,305,10.0.0.3,1644644357.7720454,0,10.0.0.8,1644644357.8081746
airquality,207,10.0.0.4,1644644357.7781367,0,10.0.0.8,1644644357.8082259
weather,159,10.0.0.6,1644644357.783235,0,10.0.0.8,1644644357.8084142
airquality,439,10.0.0.5,1644644357.7872448,0,10.0.0.8,1644644357.8084857
weather,382,10.0.0.2,1644644357.7785752,0,10.0.0.8,1644644357.8085678
temperature,391,10.0.0.3,1644644357.7720735,0,10.0.0.8,1644644357.808628
weather,414,10.0.0.4,1644644357.7784007,0,10.0.0.8,1644644357.808681
airquality,80,10.0.0.6,1644644357.7833354,0,10.0.0.8,1644644357.808806
airquality,477,10.0.0.5,1644644357.7872853,0,10.0.0.8,1644644357.8088624
weather,123,10.0.0.2,1644644357.7786067,0,10.0.0.8,1644644357.8089337
temperature,472,10.0.0.3,1644644357.772104,0,10.0.0.8,1644644357.8089886
weather,327,10.0.0.4,1644644357.7785158,0,10.0.0.8,1644644357.8090403
weather,159,10.0.0.6,1644644357.7834492,0,10.0.0.8,1644644357.8092303
location,413,10.0.0.5,1644644357.787349,0,10.0.0.8,1644644357.8093133
weather,13,10.0.0.2,1644644357.7786684,0,10.0.0.8,1644644357.8093948
temperature,153,10.0.0.3,1644644357.7721324,0,10.0.0.8,1644644357.8094537
sound,393,10.0.0.4,1644644357.7785475,0,10.0.0.8,1644644357.809507
location,470,10.0.0.6,1644644357.7838333,0,10.0.0.8,1644644357.8095596
location,362,10.0.0.5,1644644357.787378,0,10.0.0.8,1644644357.8096216
temperature,68,10.0.0.2,1644644357.7786996,0,10.0.0.8,1644644357.8096898
temperature,96,10.0.0.3,1644644357.7721598,0,10.0.0.8,1644644357.8097413
sound,265,10.0.0.4,1644644357.7785778,0,10.0.0.8,1644644357.809791
location,465,10.0.0.6,1644644357.7838657,0,10.0.0.8,1644644357.80984
airquality,232,10.0.0.5,1644644357.7874076,0,10.0.0.8,1644644357.8098886
light,52,10.0.0.2,1644644357.779185,0,10.0.0.10,1644644357.8024495
weather,222,10.0.0.4,1644644357.7786076,0,10.0.0.10,1644644357.8101637
altitude,53,10.0.0.6,1644644357.7833664,0,10.0.0.10,1644644357.810247
location,277,10.0.0.5,1644644357.786145,0,10.0.0.10,1644644357.8103037
altitude,404,10.0.0.2,1644644357.779351,0,10.0.0.10,1644644357.8104725
altitude,231,10.0.0.4,1644644357.7786381,0,10.0.0.10,1644644357.810533
sound,244,10.0.0.2,1644644357.8102465,0,10.0.0.9,1644644357.8105044
altitude,35,10.0.0.6,1644644357.783422,0,10.0.0.10,1644644357.8106613
weather,351,10.0.0.5,1644644357.7862759,0,10.0.0.10,1644644357.8107228
altitude,272,10.0.0.2,1644644357.7980382,0,10.0.0.10,1644644357.8108752
light,352,10.0.0.4,1644644357.77867,0,10.0.0.10,1644644357.8109298
weather,159,10.0.0.6,1644644357.7834492,0,10.0.0.10,1644644357.8109798
location,97,10.0.0.5,1644644357.7863948,0,10.0.0.10,1644644357.8110287
light,272,10.0.0.2,1644644357.7983608,0,10.0.0.10,1644644357.8110902
altitude,397,10.0.0.4,1644644357.7787,0,10.0.0.10,1644644357.8112195
light,190,10.0.0.6,1644644357.7836347,0,10.0.0.10,1644644357.8112795
sound,42,10.0.0.2,1644644357.81105,0,10.0.0.9,1644644357.8112633
altitude,63,10.0.0.5,1644644357.7864614,0,10.0.0.10,1644644357.8113294
altitude,231,10.0.0.2,1644644357.8100557,0,10.0.0.10,1644644357.8114297
weather,71,10.0.0.4,1644644357.778916,0,10.0.0.10,1644644357.811606
light,266,10.0.0.6,1644644357.7837267,0,10.0.0.10,1644644357.8117192
light,455,10.0.0.5,1644644357.7864952,0,10.0.0.10,1644644357.8118813
weather,258,10.0.0.2,1644644357.81064,0,10.0.0.10,1644644357.8119667
altitude,276,10.0.0.4,1644644357.778951,0,10.0.0.10,1644644357.8120239
location,470,10.0.0.6,1644644357.7838333,0,10.0.0.10,1644644357.8121562
altitude,91,10.0.0.5,1644644357.7865257,0,10.0.0.10,1644644357.812224
light,276,10.0.0.2,1644644357.810899,0,10.0.0.10,1644644357.8122957
light,436,10.0.0.4,1644644357.7794998,0,10.0.0.10,1644644357.8123505
location,465,10.0.0.6,1644644357.7838657,0,10.0.0.10,1644644357.8125226
sound,325,10.0.0.2,1644644357.8123279,0,10.0.0.9,1644644357.8125727
altitude,430,10.0.0.5,1644644357.786589,0,10.0.0.10,1644644357.8127003
location,224,10.0.0.2,1644644357.8114035,0,10.0.0.10,1644644357.8128116
sound,268,10.0.0.2,1644644357.8124704,0,10.0.0.9,1644644357.8131297
altitude,247,10.0.0.4,1644644357.7796183,0,10.0.0.10,1644644357.813203
sound,58,10.0.0.2,1644644357.8129866,0,10.0.0.9,1644644357.8132355
weather,165,10.0.0.6,1644644357.7839818,0,10.0.0.10,1644644357.813266
altitude,235,10.0.0.5,1644644357.7866488,0,10.0.0.10,1644644357.8133216
weather,120,10.0.0.2,1644644357.8116643,0,10.0.0.10,1644644357.8133917
location,80,10.0.0.5,1644644357.7874362,0,10.0.0.11,1644644357.8145783
altitude,178,10.0.0.4,1644644357.7799253,0,10.0.0.10,1644644357.8134437
weather,258,10.0.0.2,1644644357.81064,0,10.0.0.11,1644644357.8159466
airquality,81,10.0.0.6,1644644357.7849371,0,10.0.0.11,1644644357.8160472
location,87,10.0.0.5,1644644357.7874653,0,10.0.0.11,1644644357.8161137
location,224,10.0.0.2,1644644357.8114035,0,10.0.0.11,1644644357.816185
location,60,10.0.0.6,1644644357.7849958,0,10.0.0.11,1644644357.8162408
airquality,468,10.0.0.5,1644644357.7875528,0,10.0.0.11,1644644357.816292
weather,120,10.0.0.2,1644644357.8116643,0,10.0.0.11,1644644357.8163545
weather,426,10.0.0.6,1644644357.785103,0,10.0.0.11,1644644357.8164062
location,438,10.0.0.5,1644644357.7875812,0,10.0.0.11,1644644357.8164573
weather,120,10.0.0.2,1644644357.8120072,0,10.0.0.11,1644644357.816519
airquality,411,10.0.0.6,1644644357.7851682,0,10.0.0.11,1644644357.8165696
location,436,10.0.0.5,1644644357.7876103,0,10.0.0.11,1644644357.8166282
location,263,10.0.0.2,1644644357.8133798,0,10.0.0.11,1644644357.8166916
weather,68,10.0.0.6,1644644357.7853403,0,10.0.0.11,1644644357.8167436
weather,332,10.0.0.5,1644644357.787639,0,10.0.0.11,1644644357.8167932
location,46,10.0.0.2,1644644357.81365,0,10.0.0.11,1644644357.8168552
location,287,10.0.0.6,1644644357.7943175,0,10.0.0.11,1644644357.8169072
pressure,25,10.0.0.5,1644644357.787668,0,10.0.0.11,1644644357.816956
airquality,415,10.0.0.6,1644644357.7945526,0,10.0.0.11,1644644357.8170168
pressure,93,10.0.0.5,1644644357.7876968,0,10.0.0.11,1644644357.817067
weather,202,10.0.0.6,1644644357.7950778,0,10.0.0.11,1644644357.8171272
location,483,10.0.0.5,1644644357.7877252,0,10.0.0.11,1644644357.8171778
weather,213,10.0.0.6,1644644357.7952456,0,10.0.0.11,1644644357.817238
airquality,485,10.0.0.5,1644644357.7877543,0,10.0.0.11,1644644357.8172886
weather,157,10.0.0.6,1644644357.795451,0,10.0.0.11,1644644357.8173487
airquality,361,10.0.0.5,1644644357.7877855,0,10.0.0.11,1644644357.8173997
location,12,10.0.0.6,1644644357.7957041,0,10.0.0.11,1644644357.817462
weather,416,10.0.0.5,1644644357.7878144,0,10.0.0.11,1644644357.8175132
weather,305,10.0.0.5,1644644357.7878435,0,10.0.0.11,1644644357.8175728
pressure,407,10.0.0.5,1644644357.7878745,0,10.0.0.11,1644644357.8176353
airquality,64,10.0.0.5,1644644357.7879038,0,10.0.0.11,1644644357.817696
weather,205,10.0.0.5,1644644357.7879322,0,10.0.0.11,1644644357.817757
pressure,398,10.0.0.5,1644644357.7879608,0,10.0.0.11,1644644357.8178177
location,431,10.0.0.5,1644644357.7879896,0,10.0.0.11,1644644357.8178785
light,357,10.0.0.6,1644644357.7840154,0,10.0.0.10,1644644357.8158164
altitude,105,10.0.0.5,1644644357.7866776,0,10.0.0.10,1644644357.8181593
weather,120,10.0.0.2,1644644357.8120072,0,10.0.0.10,1644644357.8182871
weather,438,10.0.0.4,1644644357.780007,0,10.0.0.10,1644644357.8183515
light,277,10.0.0.6,1644644357.7840443,0,10.0.0.10,1644644357.818411
pressure,220,10.0.0.5,1644644357.78671,0,10.0.0.10,1644644357.818459
location,263,10.0.0.2,1644644357.8133798,0,10.0.0.10,1644644357.8185217
altitude,426,10.0.0.4,1644644357.780059,0,10.0.0.10,1644644357.8185725
altitude,254,10.0.0.6,1644644357.7841294,0,10.0.0.10,1644644357.8186204
light,9,10.0.0.5,1644644357.786739,0,10.0.0.10,1644644357.818668
location,46,10.0.0.2,1644644357.81365,0,10.0.0.10,1644644357.818727
weather,79,10.0.0.4,1644644357.7800937,0,10.0.0.10,1644644357.8187752
light,459,10.0.0.6,1644644357.784157,0,10.0.0.10,1644644357.8188221
location,117,10.0.0.5,1644644357.7867992,0,10.0.0.10,1644644357.8188682
altitude,172,10.0.0.2,1644644357.8141074,0,10.0.0.10,1644644357.818929
light,93,10.0.0.4,1644644357.7801235,0,10.0.0.10,1644644357.8189776
altitude,429,10.0.0.6,1644644357.784375,0,10.0.0.10,1644644357.819026
altitude,130,10.0.0.5,1644644357.786829,0,10.0.0.10,1644644357.819072
weather,379,10.0.0.4,1644644357.7802904,0,10.0.0.10,1644644357.8191323
light,333,10.0.0.6,1644644357.784434,0,10.0.0.10,1644644357.8192165
location,406,10.0.0.5,1644644357.7868571,0,10.0.0.10,1644644357.819274
light,139,10.0.0.4,1644644357.7803376,0,10.0.0.10,1644644357.8193367
altitude,299,10.0.0.6,1644644357.784474,0,10.0.0.10,1644644357.819386
pressure,238,10.0.0.5,1644644357.7868865,0,10.0.0.10,1644644357.8194337
weather,250,10.0.0.4,1644644357.7803679,0,10.0.0.10,1644644357.8194926
altitude,478,10.0.0.6,1644644357.784509,0,10.0.0.10,1644644357.819541
location,148,10.0.0.5,1644644357.7869153,0,10.0.0.10,1644644357.8195887
altitude,268,10.0.0.4,1644644357.7803977,0,10.0.0.10,1644644357.8196473
location,461,10.0.0.6,1644644357.784539,0,10.0.0.10,1644644357.8196962
altitude,308,10.0.0.5,1644644357.7869442,0,10.0.0.10,1644644357.8197432
light,222,10.0.0.4,1644644357.780433,0,10.0.0.10,1644644357.819801
weather,209,10.0.0.6,1644644357.784569,0,10.0.0.10,1644644357.8198497
light,443,10.0.0.5,1644644357.7869725,0,10.0.0.10,1644644357.8198962
altitude,232,10.0.0.4,1644644357.7804632,0,10.0.0.10,1644644357.819956
light,29,10.0.0.6,1644644357.7846322,0,10.0.0.10,1644644357.820005
weather,81,10.0.0.5,1644644357.787001,0,10.0.0.10,1644644357.8200603
altitude,435,10.0.0.4,1644644357.7806618,0,10.0.0.10,1644644357.8201194
weather,206,10.0.0.6,1644644357.7846906,0,10.0.0.10,1644644357.8201683
light,312,10.0.0.5,1644644357.7870338,0,10.0.0.10,1644644357.8202155
weather,299,10.0.0.4,1644644357.7807178,0,10.0.0.10,1644644357.8202727
altitude,70,10.0.0.6,1644644357.7847197,0,10.0.0.10,1644644357.820322
altitude,54,10.0.0.5,1644644357.787063,0,10.0.0.10,1644644357.8203695
altitude,231,10.0.0.4,1644644357.7808583,0,10.0.0.10,1644644357.8204267
weather,218,10.0.0.6,1644644357.784752,0,10.0.0.10,1644644357.820475
location,403,10.0.0.5,1644644357.7870934,0,10.0.0.10,1644644357.820522
light,461,10.0.0.4,1644644357.780914,0,10.0.0.10,1644644357.8205788
light,174,10.0.0.6,1644644357.78481,0,10.0.0.10,1644644357.8206265
pressure,32,10.0.0.5,1644644357.7871234,0,10.0.0.10,1644644357.8206725
light,104,10.0.0.4,1644644357.780942,0,10.0.0.10,1644644357.8207314
altitude,290,10.0.0.6,1644644357.7848694,0,10.0.0.10,1644644357.8207798
light,52,10.0.0.5,1644644357.7871544,0,10.0.0.10,1644644357.8208265
altitude,205,10.0.0.4,1644644357.781056,0,10.0.0.10,1644644357.820884
altitude,267,10.0.0.6,1644644357.7849667,0,10.0.0.10,1644644357.8209324
location,55,10.0.0.5,1644644357.7871854,0,10.0.0.10,1644644357.8209789
altitude,451,10.0.0.4,1644644357.7811117,0,10.0.0.10,1644644357.8210382
location,60,10.0.0.6,1644644357.7849958,0,10.0.0.10,1644644357.821089
light,298,10.0.0.5,1644644357.7872143,0,10.0.0.10,1644644357.8211372
light,394,10.0.0.6,1644644357.7850575,0,10.0.0.10,1644644357.8211946
light,294,10.0.0.5,1644644357.7873185,0,10.0.0.10,1644644357.8212433
weather,426,10.0.0.6,1644644357.785103,0,10.0.0.10,1644644357.8213003
location,413,10.0.0.5,1644644357.787349,0,10.0.0.10,1644644357.8213482
altitude,36,10.0.0.6,1644644357.7851975,0,10.0.0.10,1644644357.8214047
location,362,10.0.0.5,1644644357.787378,0,10.0.0.10,1644644357.8214526
altitude,212,10.0.0.6,1644644357.785256,0,10.0.0.10,1644644357.8215106
location,80,10.0.0.5,1644644357.7874362,0,10.0.0.10,1644644357.8215604
altitude,494,10.0.0.6,1644644357.7852843,0,10.0.0.10,1644644357.8216176
location,87,10.0.0.5,1644644357.7874653,0,10.0.0.10,1644644357.8216665
weather,68,10.0.0.6,1644644357.7853403,0,10.0.0.10,1644644357.8217232
altitude,36,10.0.0.5,1644644357.7874966,0,10.0.0.10,1644644357.8217711
altitude,404,10.0.0.6,1644644357.7853966,0,10.0.0.10,1644644357.8218298
altitude,362,10.0.0.5,1644644357.7875247,0,10.0.0.10,1644644357.8218791
weather,379,10.0.0.4,1644644357.7802904,0,10.0.0.7,1644644357.8061697
light,357,10.0.0.6,1644644357.7840154,0,10.0.0.7,1644644357.8264532
temperature,288,10.0.0.2,1644644357.778765,0,10.0.0.8,1644644357.8264234
location,436,10.0.0.5,1644644357.7876103,0,10.0.0.7,1644644357.826552
temperature,455,10.0.0.3,1644644357.772187,0,10.0.0.8,1644644357.8265626
weather,222,10.0.0.4,1644644357.7786076,0,10.0.0.8,1644644357.8266296
temperature,475,10.0.0.6,1644644357.7839236,0,10.0.0.8,1644644357.826689
location,80,10.0.0.5,1644644357.7874362,0,10.0.0.8,1644644357.8267443
weather,165,10.0.0.2,1644644357.778824,0,10.0.0.8,1644644357.826852
temperature,60,10.0.0.3,1644644357.7722173,0,10.0.0.8,1644644357.826921
weather,258,10.0.0.2,1644644357.81064,0,10.0.0.7,1644644357.8269331
sound,72,10.0.0.4,1644644357.778875,0,10.0.0.8,1644644357.8269756
light,139,10.0.0.4,1644644357.7803376,0,10.0.0.7,1644644357.8270106
temperature,259,10.0.0.6,1644644357.783953,0,10.0.0.8,1644644357.8270278
light,277,10.0.0.6,1644644357.7840443,0,10.0.0.7,1644644357.827075
location,87,10.0.0.5,1644644357.7874653,0,10.0.0.8,1644644357.8270798
weather,332,10.0.0.5,1644644357.787639,0,10.0.0.7,1644644357.8271284
location,299,10.0.0.2,1644644357.7788534,0,10.0.0.8,1644644357.8271477
light,276,10.0.0.2,1644644357.810899,0,10.0.0.7,1644644357.8271952
temperature,22,10.0.0.3,1644644357.772245,0,10.0.0.8,1644644357.8272028
weather,250,10.0.0.4,1644644357.7803679,0,10.0.0.7,1644644357.8272483
weather,71,10.0.0.4,1644644357.778916,0,10.0.0.8,1644644357.8272552
light,459,10.0.0.6,1644644357.784157,0,10.0.0.7,1644644357.8273077
weather,165,10.0.0.6,1644644357.7839818,0,10.0.0.8,1644644357.8273108
location,483,10.0.0.5,1644644357.7877252,0,10.0.0.7,1644644357.8273585
airquality,468,10.0.0.5,1644644357.7875528,0,10.0.0.8,1644644357.827362
location,224,10.0.0.2,1644644357.8114035,0,10.0.0.7,1644644357.8274202
temperature,471,10.0.0.2,1644644357.7788837,0,10.0.0.8,1644644357.8274262
light,222,10.0.0.4,1644644357.780433,0,10.0.0.7,1644644357.82747
temperature,223,10.0.0.3,1644644357.772272,0,10.0.0.8,1644644357.8274791
light,333,10.0.0.6,1644644357.784434,0,10.0.0.7,1644644357.8275175
sound,384,10.0.0.4,1644644357.779054,0,10.0.0.8,1644644357.8275297
weather,416,10.0.0.5,1644644357.7878144,0,10.0.0.7,1644644357.8275657
location,461,10.0.0.6,1644644357.784539,0,10.0.0.8,1644644357.8275797
weather,120,10.0.0.2,1644644357.8116643,0,10.0.0.7,1644644357.827626
location,438,10.0.0.5,1644644357.7875812,0,10.0.0.8,1644644357.8276293
weather,299,10.0.0.4,1644644357.7807178,0,10.0.0.7,1644644357.8276756
temperature,468,10.0.0.2,1644644357.7789137,0,10.0.0.8,1644644357.8276925
location,461,10.0.0.6,1644644357.784539,0,10.0.0.7,1644644357.8277235
temperature,271,10.0.0.3,1644644357.7723029,0,10.0.0.8,1644644357.8277497
weather,305,10.0.0.5,1644644357.7878435,0,10.0.0.7,1644644357.827772
temperature,104,10.0.0.4,1644644357.779271,0,10.0.0.8,1644644357.8277993
weather,120,10.0.0.2,1644644357.8120072,0,10.0.0.7,1644644357.8278315
weather,209,10.0.0.6,1644644357.784569,0,10.0.0.8,1644644357.8278487
light,461,10.0.0.4,1644644357.780914,0,10.0.0.7,1644644357.8278816
location,436,10.0.0.5,1644644357.7876103,0,10.0.0.8,1644644357.8278973
weather,209,10.0.0.6,1644644357.784569,0,10.0.0.7,1644644357.827929
weather,69,10.0.0.2,1644644357.7789826,0,10.0.0.8,1644644357.82796
weather,205,10.0.0.5,1644644357.7879322,0,10.0.0.7,1644644357.8279765
temperature,205,10.0.0.3,1644644357.7723324,0,10.0.0.8,1644644357.8280115
temperature,55,10.0.0.4,1644644357.7795644,0,10.0.0.8,1644644357.8280604
location,263,10.0.0.2,1644644357.8133798,0,10.0.0.7,1644644357.8280365
airquality,145,10.0.0.6,1644644357.7845998,0,10.0.0.8,1644644357.8281095
light,104,10.0.0.4,1644644357.780942,0,10.0.0.7,1644644357.828136
weather,332,10.0.0.5,1644644357.787639,0,10.0.0.8,1644644357.828158
light,29,10.0.0.6,1644644357.7846322,0,10.0.0.7,1644644357.8281908
temperature,125,10.0.0.2,1644644357.779259,0,10.0.0.8,1644644357.8282192
location,431,10.0.0.5,1644644357.7879896,0,10.0.0.7,1644644357.8282402
temperature,463,10.0.0.3,1644644357.77236,0,10.0.0.8,1644644357.828269
location,46,10.0.0.2,1644644357.81365,0,10.0.0.7,1644644357.8283057
sound,326,10.0.0.4,1644644357.7797403,0,10.0.0.8,1644644357.8283172
weather,206,10.0.0.6,1644644357.7846906,0,10.0.0.7,1644644357.828357
airquality,358,10.0.0.6,1644644357.7846618,0,10.0.0.8,1644644357.8283665
light,0,10.0.0.5,1644644357.788019,0,10.0.0.7,1644644357.828406
pressure,25,10.0.0.5,1644644357.787668,0,10.0.0.8,1644644357.8284147
weather,218,10.0.0.6,1644644357.784752,0,10.0.0.7,1644644357.828466
temperature,439,10.0.0.2,1644644357.7793005,0,10.0.0.8,1644644357.8284776
location,320,10.0.0.5,1644644357.7880805,0,10.0.0.7,1644644357.8285153
temperature,137,10.0.0.3,1644644357.7723873,0,10.0.0.8,1644644357.8285284
light,174,10.0.0.6,1644644357.78481,0,10.0.0.7,1644644357.8285737
temperature,314,10.0.0.4,1644644357.7799697,0,10.0.0.8,1644644357.8285782
light,445,10.0.0.5,1644644357.7881145,0,10.0.0.7,1644644357.828623
weather,206,10.0.0.6,1644644357.7846906,0,10.0.0.8,1644644357.8286273
pressure,93,10.0.0.5,1644644357.7876968,0,10.0.0.8,1644644357.828676
location,60,10.0.0.6,1644644357.7849958,0,10.0.0.7,1644644357.8286815
location,480,10.0.0.5,1644644357.7881727,0,10.0.0.7,1644644357.828731
sound,188,10.0.0.2,1644644357.802326,0,10.0.0.8,1644644357.8287404
temperature,416,10.0.0.3,1644644357.7724144,0,10.0.0.8,1644644357.8287911
light,394,10.0.0.6,1644644357.7850575,0,10.0.0.7,1644644357.8287902
weather,438,10.0.0.4,1644644357.780007,0,10.0.0.8,1644644357.8288405
weather,436,10.0.0.5,1644644357.7882364,0,10.0.0.7,1644644357.8288496
weather,218,10.0.0.6,1644644357.784752,0,10.0.0.8,1644644357.8288894
weather,426,10.0.0.6,1644644357.785103,0,10.0.0.7,1644644357.82891
location,483,10.0.0.5,1644644357.7877252,0,10.0.0.8,1644644357.828938
location,81,10.0.0.5,1644644357.788294,0,10.0.0.7,1644644357.8289595
sound,244,10.0.0.2,1644644357.8102465,0,10.0.0.8,1644644357.8290007
weather,68,10.0.0.6,1644644357.7853403,0,10.0.0.7,1644644357.8290188
temperature,86,10.0.0.3,1644644357.7724452,0,10.0.0.8,1644644357.829052
light,30,10.0.0.5,1644644357.7883255,0,10.0.0.7,1644644357.829069
weather,79,10.0.0.4,1644644357.7800937,0,10.0.0.8,1644644357.829101
location,287,10.0.0.6,1644644357.7943175,0,10.0.0.7,1644644357.829128
temperature,110,10.0.0.6,1644644357.7847815,0,10.0.0.8,1644644357.82915
airquality,485,10.0.0.5,1644644357.7877543,0,10.0.0.8,1644644357.8291988
weather,285,10.0.0.5,1644644357.7884467,0,10.0.0.7,1644644357.8291776
weather,258,10.0.0.2,1644644357.81064,0,10.0.0.8,1644644357.8293135
temperature,484,10.0.0.3,1644644357.7724724,0,10.0.0.8,1644644357.8293717
light,217,10.0.0.6,1644644357.7946935,0,10.0.0.7,1644644357.8293867
airquality,458,10.0.0.4,1644644357.7801533,0,10.0.0.8,1644644357.8294234
weather,310,10.0.0.5,1644644357.788476,0,10.0.0.7,1644644357.8294518
temperature,288,10.0.0.6,1644644357.7848394,0,10.0.0.8,1644644357.8294744
weather,202,10.0.0.6,1644644357.7950778,0,10.0.0.7,1644644357.8295176
airquality,361,10.0.0.5,1644644357.7877855,0,10.0.0.8,1644644357.829525
light,431,10.0.0.5,1644644357.788533,0,10.0.0.7,1644644357.8295698
sound,42,10.0.0.2,1644644357.81105,0,10.0.0.8,1644644357.8295882
weather,213,10.0.0.6,1644644357.7952456,0,10.0.0.7,1644644357.82963
temperature,389,10.0.0.3,1644644357.7725,0,10.0.0.8,1644644357.8296394
light,361,10.0.0.5,1644644357.7886746,0,10.0.0.7,1644644357.82968
weather,379,10.0.0.4,1644644357.7802904,0,10.0.0.8,1644644357.8296885
temperature,84,10.0.0.6,1644644357.7849078,0,10.0.0.8,1644644357.8297381
weather,157,10.0.0.6,1644644357.795451,0,10.0.0.7,1644644357.8297405
weather,416,10.0.0.5,1644644357.7878144,0,10.0.0.8,1644644357.8297877
weather,429,10.0.0.5,1644644357.788863,0,10.0.0.7,1644644357.82979
location,12,10.0.0.6,1644644357.7957041,0,10.0.0.7,1644644357.8298514
location,224,10.0.0.2,1644644357.8114035,0,10.0.0.8,1644644357.8298512
weather,134,10.0.0.5,1644644357.7889984,0,10.0.0.7,1644644357.8299012
temperature,342,10.0.0.3,1644644357.7725275,0,10.0.0.8,1644644357.829905
airquality,82,10.0.0.5,1644644357.7880473,0,10.0.0.11,1644644357.8179433
weather,250,10.0.0.4,1644644357.7803679,0,10.0.0.8,1644644357.8329425
airquality,81,10.0.0.6,1644644357.7849371,0,10.0.0.8,1644644357.833049
location,320,10.0.0.5,1644644357.7880805,0,10.0.0.11,1644644357.8330715
weather,305,10.0.0.5,1644644357.7878435,0,10.0.0.8,1644644357.8331127
pressure,279,10.0.0.5,1644644357.788144,0,10.0.0.11,1644644357.8331652
weather,120,10.0.0.2,1644644357.8116643,0,10.0.0.8,1644644357.8331966
location,480,10.0.0.5,1644644357.7881727,0,10.0.0.11,1644644357.8332326
temperature,433,10.0.0.3,1644644357.7725604,0,10.0.0.8,1644644357.8332558
weather,436,10.0.0.5,1644644357.7882364,0,10.0.0.11,1644644357.833296
airquality,371,10.0.0.4,1644644357.7804923,0,10.0.0.8,1644644357.8333104
location,81,10.0.0.5,1644644357.788294,0,10.0.0.11,1644644357.8333576
location,60,10.0.0.6,1644644357.7849958,0,10.0.0.8,1644644357.8333626
pressure,407,10.0.0.5,1644644357.7878745,0,10.0.0.8,1644644357.8334143
pressure,193,10.0.0.5,1644644357.7883546,0,10.0.0.11,1644644357.8334181
airquality,78,10.0.0.5,1644644357.7883837,0,10.0.0.11,1644644357.833477
weather,120,10.0.0.2,1644644357.8120072,0,10.0.0.8,1644644357.8334816
airquality,335,10.0.0.5,1644644357.7884178,0,10.0.0.11,1644644357.833536
temperature,8,10.0.0.3,1644644357.7725883,0,10.0.0.8,1644644357.8335357
airquality,299,10.0.0.4,1644644357.7805216,0,10.0.0.8,1644644357.8335893
weather,285,10.0.0.5,1644644357.7884467,0,10.0.0.11,1644644357.833594
weather,426,10.0.0.6,1644644357.785103,0,10.0.0.8,1644644357.8336504
weather,310,10.0.0.5,1644644357.788476,0,10.0.0.11,1644644357.83366
airquality,64,10.0.0.5,1644644357.7879038,0,10.0.0.8,1644644357.8337026
pressure,350,10.0.0.5,1644644357.788561,0,10.0.0.11,1644644357.8337178
temperature,135,10.0.0.2,1644644357.8122222,0,10.0.0.8,1644644357.8337698
pressure,86,10.0.0.5,1644644357.7886171,0,10.0.0.11,1644644357.8337755
temperature,275,10.0.0.3,1644644357.7726188,0,10.0.0.8,1644644357.8338227
pressure,242,10.0.0.5,1644644357.788646,0,10.0.0.11,1644644357.8338356
temperature,140,10.0.0.4,1644644357.78055,0,10.0.0.8,1644644357.8338735
weather,429,10.0.0.5,1644644357.788863,0,10.0.0.11,1644644357.8338943
weather,134,10.0.0.5,1644644357.7889984,0,10.0.0.11,1644644357.8340404
location,287,10.0.0.6,1644644357.7943175,0,10.0.0.10,1644644357.8219364
airquality,160,10.0.0.5,1644644357.7891529,0,10.0.0.11,1644644357.8341086
location,438,10.0.0.5,1644644357.7875812,0,10.0.0.10,1644644357.834163
location,322,10.0.0.5,1644644357.789227,0,10.0.0.11,1644644357.8341694
light,217,10.0.0.6,1644644357.7946935,0,10.0.0.10,1644644357.8342483
location,73,10.0.0.5,1644644357.7892663,0,10.0.0.11,1644644357.8342319
location,436,10.0.0.5,1644644357.7876103,0,10.0.0.10,1644644357.8343058
altitude,56,10.0.0.6,1644644357.7948837,0,10.0.0.10,1644644357.834411
weather,404,10.0.0.5,1644644357.789373,0,10.0.0.11,1644644357.834327
weather,332,10.0.0.5,1644644357.787639,0,10.0.0.10,1644644357.8344705
altitude,302,10.0.0.6,1644644357.794963,0,10.0.0.10,1644644357.8345351
weather,430,10.0.0.5,1644644357.7894053,0,10.0.0.11,1644644357.8345242
pressure,25,10.0.0.5,1644644357.787668,0,10.0.0.10,1644644357.834589
weather,202,10.0.0.6,1644644357.7950778,0,10.0.0.10,1644644357.8346858
location,397,10.0.0.5,1644644357.7894356,0,10.0.0.11,1644644357.8346813
pressure,93,10.0.0.5,1644644357.7876968,0,10.0.0.10,1644644357.8347454
location,81,10.0.0.5,1644644357.789525,0,10.0.0.11,1644644357.8347986
weather,213,10.0.0.6,1644644357.7952456,0,10.0.0.10,1644644357.8348072
location,483,10.0.0.5,1644644357.7877252,0,10.0.0.10,1644644357.83486
pressure,146,10.0.0.5,1644644357.7895842,0,10.0.0.11,1644644357.8348668
weather,157,10.0.0.6,1644644357.795451,0,10.0.0.10,1644644357.834921
location,417,10.0.0.5,1644644357.7896132,0,10.0.0.11,1644644357.834928
weather,416,10.0.0.5,1644644357.7878144,0,10.0.0.10,1644644357.8349724
weather,145,10.0.0.5,1644644357.7896428,0,10.0.0.11,1644644357.8349886
altitude,85,10.0.0.6,1644644357.795626,0,10.0.0.10,1644644357.8350334
airquality,132,10.0.0.5,1644644357.7897005,0,10.0.0.11,1644644357.8350542
weather,305,10.0.0.5,1644644357.7878435,0,10.0.0.10,1644644357.8350856
location,12,10.0.0.6,1644644357.7957041,0,10.0.0.10,1644644357.8351498
pressure,407,10.0.0.5,1644644357.7878745,0,10.0.0.10,1644644357.835202
weather,205,10.0.0.5,1644644357.7879322,0,10.0.0.10,1644644357.8352637
pressure,398,10.0.0.5,1644644357.7879608,0,10.0.0.10,1644644357.8353245
location,431,10.0.0.5,1644644357.7879896,0,10.0.0.10,1644644357.835386
light,0,10.0.0.5,1644644357.788019,0,10.0.0.10,1644644357.835457
location,320,10.0.0.5,1644644357.7880805,0,10.0.0.10,1644644357.8354993
light,445,10.0.0.5,1644644357.7881145,0,10.0.0.10,1644644357.8355415
pressure,279,10.0.0.5,1644644357.788144,0,10.0.0.10,1644644357.8355842
location,480,10.0.0.5,1644644357.7881727,0,10.0.0.10,1644644357.8356268
airquality,411,10.0.0.6,1644644357.7851682,0,10.0.0.8,1644644357.8373053
weather,205,10.0.0.5,1644644357.7879322,0,10.0.0.8,1644644357.837572
sound,325,10.0.0.2,1644644357.8123279,0,10.0.0.8,1644644357.8376737
temperature,368,10.0.0.3,1644644357.7726467,0,10.0.0.8,1644644357.837733
airquality,289,10.0.0.4,1644644357.7806063,0,10.0.0.8,1644644357.8378003
temperature,369,10.0.0.6,1644644357.7852266,0,10.0.0.8,1644644357.8378882
pressure,398,10.0.0.5,1644644357.7879608,0,10.0.0.8,1644644357.8380325
sound,268,10.0.0.2,1644644357.8124704,0,10.0.0.8,1644644357.8381178
temperature,55,10.0.0.3,1644644357.7726738,0,10.0.0.8,1644644357.8381844
sound,188,10.0.0.4,1644644357.7806895,0,10.0.0.8,1644644357.8382375
weather,68,10.0.0.6,1644644357.7853403,0,10.0.0.8,1644644357.8382878
location,431,10.0.0.5,1644644357.7879896,0,10.0.0.8,1644644357.838337
sound,58,10.0.0.2,1644644357.8129866,0,10.0.0.8,1644644357.8384016
temperature,40,10.0.0.3,1644644357.7727013,0,10.0.0.8,1644644357.8384526
weather,299,10.0.0.4,1644644357.7807178,0,10.0.0.8,1644644357.838501
temperature,22,10.0.0.6,1644644357.7942019,0,10.0.0.8,1644644357.8385975
airquality,82,10.0.0.5,1644644357.7880473,0,10.0.0.8,1644644357.838651
location,263,10.0.0.2,1644644357.8133798,0,10.0.0.8,1644644357.8387172
temperature,253,10.0.0.3,1644644357.7727282,0,10.0.0.8,1644644357.8387687
airquality,352,10.0.0.4,1644644357.7807465,0,10.0.0.8,1644644357.8388343
location,287,10.0.0.6,1644644357.7943175,0,10.0.0.8,1644644357.8388848
location,320,10.0.0.5,1644644357.7880805,0,10.0.0.8,1644644357.8389363
location,46,10.0.0.2,1644644357.81365,0,10.0.0.8,1644644357.8390012
temperature,356,10.0.0.3,1644644357.7727559,0,10.0.0.8,1644644357.8390524
temperature,66,10.0.0.4,1644644357.7807746,0,10.0.0.8,1644644357.8391027
airquality,415,10.0.0.6,1644644357.7945526,0,10.0.0.8,1644644357.839153
pressure,279,10.0.0.5,1644644357.788144,0,10.0.0.8,1644644357.839203
temperature,42,10.0.0.2,1644644357.813891,0,10.0.0.8,1644644357.8392675
temperature,154,10.0.0.3,1644644357.7727835,0,10.0.0.8,1644644357.8393211
sound,66,10.0.0.4,1644644357.780802,0,10.0.0.8,1644644357.839372
temperature,312,10.0.0.6,1644644357.7948,0,10.0.0.8,1644644357.8394215
location,480,10.0.0.5,1644644357.7881727,0,10.0.0.8,1644644357.8394718
temperature,376,10.0.0.2,1644644357.8142188,0,10.0.0.8,1644644357.8395412
temperature,99,10.0.0.3,1644644357.7728107,0,10.0.0.8,1644644357.8395948
temperature,481,10.0.0.4,1644644357.7808306,0,10.0.0.8,1644644357.839645
weather,202,10.0.0.6,1644644357.7950778,0,10.0.0.8,1644644357.8396957
location,322,10.0.0.5,1644644357.789227,0,10.0.0.7,1644644357.839678
weather,436,10.0.0.5,1644644357.7882364,0,10.0.0.8,1644644357.839748
temperature,203,10.0.0.3,1644644357.772838,0,10.0.0.8,1644644357.8398118
location,73,10.0.0.5,1644644357.7892663,0,10.0.0.7,1644644357.8398392
sound,357,10.0.0.4,1644644357.7808862,0,10.0.0.8,1644644357.8398645
weather,213,10.0.0.6,1644644357.7952456,0,10.0.0.8,1644644357.8399155
weather,404,10.0.0.5,1644644357.789373,0,10.0.0.7,1644644357.839918
location,81,10.0.0.5,1644644357.788294,0,10.0.0.8,1644644357.8399653
weather,430,10.0.0.5,1644644357.7894053,0,10.0.0.7,1644644357.8399868
temperature,467,10.0.0.3,1644644357.7728653,0,10.0.0.8,1644644357.840029
location,397,10.0.0.5,1644644357.7894356,0,10.0.0.7,1644644357.8400538
temperature,451,10.0.0.4,1644644357.7809718,0,10.0.0.8,1644644357.8400817
light,225,10.0.0.5,1644644357.7894666,0,10.0.0.7,1644644357.8401177
weather,157,10.0.0.6,1644644357.795451,0,10.0.0.8,1644644357.8401327
location,81,10.0.0.5,1644644357.789525,0,10.0.0.7,1644644357.8401797
pressure,193,10.0.0.5,1644644357.7883546,0,10.0.0.8,1644644357.8401833
light,247,10.0.0.5,1644644357.7895546,0,10.0.0.7,1644644357.840241
temperature,133,10.0.0.3,1644644357.7728927,0,10.0.0.8,1644644357.8402832
location,417,10.0.0.5,1644644357.7896132,0,10.0.0.7,1644644357.8403018
temperature,69,10.0.0.4,1644644357.7810264,0,10.0.0.8,1644644357.8403478
weather,145,10.0.0.5,1644644357.7896428,0,10.0.0.7,1644644357.8403628
location,12,10.0.0.6,1644644357.7957041,0,10.0.0.8,1644644357.8404026
light,181,10.0.0.5,1644644357.789672,0,10.0.0.7,1644644357.8404284
airquality,78,10.0.0.5,1644644357.7883837,0,10.0.0.8,1644644357.8404546
temperature,421,10.0.0.3,1644644357.7729232,0,10.0.0.8,1644644357.8405204
sound,455,10.0.0.4,1644644357.781084,0,10.0.0.8,1644644357.8405764
airquality,335,10.0.0.5,1644644357.7884178,0,10.0.0.8,1644644357.8406281
temperature,166,10.0.0.3,1644644357.772951,0,10.0.0.8,1644644357.8406906
weather,285,10.0.0.5,1644644357.7884467,0,10.0.0.8,1644644357.8407445
temperature,6,10.0.0.3,1644644357.772978,0,10.0.0.8,1644644357.8408136
weather,310,10.0.0.5,1644644357.788476,0,10.0.0.8,1644644357.840867
temperature,114,10.0.0.3,1644644357.7730057,0,10.0.0.8,1644644357.8409286
pressure,350,10.0.0.5,1644644357.788561,0,10.0.0.8,1644644357.8409808
temperature,444,10.0.0.3,1644644357.7730334,0,10.0.0.8,1644644357.8410425
pressure,86,10.0.0.5,1644644357.7886171,0,10.0.0.8,1644644357.8410954
temperature,381,10.0.0.3,1644644357.7730677,0,10.0.0.8,1644644357.8411584
pressure,242,10.0.0.5,1644644357.788646,0,10.0.0.8,1644644357.841211
temperature,126,10.0.0.3,1644644357.773096,0,10.0.0.8,1644644357.841272
weather,429,10.0.0.5,1644644357.788863,0,10.0.0.8,1644644357.8413546
temperature,22,10.0.0.3,1644644357.773124,0,10.0.0.8,1644644357.8414297
weather,134,10.0.0.5,1644644357.7889984,0,10.0.0.8,1644644357.841484
temperature,7,10.0.0.3,1644644357.7731533,0,10.0.0.8,1644644357.8415463
airquality,160,10.0.0.5,1644644357.7891529,0,10.0.0.8,1644644357.8415985
temperature,311,10.0.0.3,1644644357.7731814,0,10.0.0.8,1644644357.8416905
location,322,10.0.0.5,1644644357.789227,0,10.0.0.8,1644644357.8417516
temperature,402,10.0.0.3,1644644357.773209,0,10.0.0.8,1644644357.841816
altitude,380,10.0.0.5,1644644357.7882044,0,10.0.0.10,1644644357.8356688
weather,436,10.0.0.5,1644644357.7882364,0,10.0.0.10,1644644357.8421514
altitude,177,10.0.0.5,1644644357.7882662,0,10.0.0.10,1644644357.8422527
location,81,10.0.0.5,1644644357.788294,0,10.0.0.10,1644644357.8423212
light,30,10.0.0.5,1644644357.7883255,0,10.0.0.10,1644644357.8424737
pressure,193,10.0.0.5,1644644357.7883546,0,10.0.0.10,1644644357.8425434
weather,285,10.0.0.5,1644644357.7884467,0,10.0.0.10,1644644357.8426082
weather,310,10.0.0.5,1644644357.788476,0,10.0.0.10,1644644357.8426707
altitude,417,10.0.0.5,1644644357.7885046,0,10.0.0.10,1644644357.8427324
light,431,10.0.0.5,1644644357.788533,0,10.0.0.10,1644644357.842828
pressure,350,10.0.0.5,1644644357.788561,0,10.0.0.10,1644644357.8428965
altitude,399,10.0.0.5,1644644357.7885897,0,10.0.0.10,1644644357.8429577
pressure,86,10.0.0.5,1644644357.7886171,0,10.0.0.10,1644644357.8430185
pressure,242,10.0.0.5,1644644357.788646,0,10.0.0.10,1644644357.843121
light,361,10.0.0.5,1644644357.7886746,0,10.0.0.10,1644644357.8431938
weather,429,10.0.0.5,1644644357.788863,0,10.0.0.10,1644644357.843256
altitude,122,10.0.0.5,1644644357.7889261,0,10.0.0.10,1644644357.8433173
weather,134,10.0.0.5,1644644357.7889984,0,10.0.0.10,1644644357.8433788
location,322,10.0.0.5,1644644357.789227,0,10.0.0.10,1644644357.843439
location,73,10.0.0.5,1644644357.7892663,0,10.0.0.10,1644644357.8435001
altitude,124,10.0.0.5,1644644357.7893343,0,10.0.0.10,1644644357.8435612
weather,404,10.0.0.5,1644644357.789373,0,10.0.0.10,1644644357.8436227
weather,430,10.0.0.5,1644644357.7894053,0,10.0.0.10,1644644357.8436842
location,397,10.0.0.5,1644644357.7894356,0,10.0.0.10,1644644357.8437448
light,225,10.0.0.5,1644644357.7894666,0,10.0.0.10,1644644357.843805
altitude,171,10.0.0.5,1644644357.7894964,0,10.0.0.10,1644644357.8438652
location,81,10.0.0.5,1644644357.789525,0,10.0.0.10,1644644357.8439252
light,247,10.0.0.5,1644644357.7895546,0,10.0.0.10,1644644357.8439856
pressure,146,10.0.0.5,1644644357.7895842,0,10.0.0.10,1644644357.8440468
location,417,10.0.0.5,1644644357.7896132,0,10.0.0.10,1644644357.8441076
weather,145,10.0.0.5,1644644357.7896428,0,10.0.0.10,1644644357.84417
light,181,10.0.0.5,1644644357.789672,0,10.0.0.10,1644644357.8442764
location,73,10.0.0.5,1644644357.7892663,0,10.0.0.8,1644644357.8419056
temperature,403,10.0.0.3,1644644357.7732365,0,10.0.0.8,1644644357.844442
weather,404,10.0.0.5,1644644357.789373,0,10.0.0.8,1644644357.84452
temperature,293,10.0.0.3,1644644357.7732642,0,10.0.0.8,1644644357.8445914
weather,430,10.0.0.5,1644644357.7894053,0,10.0.0.8,1644644357.8446465
temperature,221,10.0.0.3,1644644357.7732913,0,10.0.0.8,1644644357.8447547
location,397,10.0.0.5,1644644357.7894356,0,10.0.0.8,1644644357.8448102
temperature,427,10.0.0.3,1644644357.7733202,0,10.0.0.8,1644644357.845039
location,81,10.0.0.5,1644644357.789525,0,10.0.0.8,1644644357.8451867
temperature,315,10.0.0.3,1644644357.7733479,0,10.0.0.8,1644644357.845316
pressure,146,10.0.0.5,1644644357.7895842,0,10.0.0.8,1644644357.8454251
temperature,311,10.0.0.3,1644644357.7733755,0,10.0.0.8,1644644357.845657
location,417,10.0.0.5,1644644357.7896132,0,10.0.0.8,1644644357.8457546
temperature,18,10.0.0.3,1644644357.7734027,0,10.0.0.8,1644644357.8459141
weather,145,10.0.0.5,1644644357.7896428,0,10.0.0.8,1644644357.8460636
temperature,371,10.0.0.3,1644644357.7734306,0,10.0.0.8,1644644357.8465333
airquality,132,10.0.0.5,1644644357.7897005,0,10.0.0.8,1644644357.8466396
temperature,295,10.0.0.3,1644644357.7736073,0,10.0.0.8,1644644357.8467185
temperature,260,10.0.0.3,1644644357.773649,0,10.0.0.8,1644644357.8467886
temperature,359,10.0.0.3,1644644357.773682,0,10.0.0.8,1644644357.8468552
temperature,490,10.0.0.3,1644644357.7737129,0,10.0.0.8,1644644357.8469198
temperature,15,10.0.0.3,1644644357.7737432,0,10.0.0.8,1644644357.8469832
temperature,181,10.0.0.3,1644644357.7737722,0,10.0.0.8,1644644357.8470461
temperature,186,10.0.0.3,1644644357.7738056,0,10.0.0.8,1644644357.8471098
temperature,429,10.0.0.3,1644644357.7738342,0,10.0.0.8,1644644357.8471723
temperature,385,10.0.0.3,1644644357.773863,0,10.0.0.8,1644644357.8472354
temperature,110,10.0.0.3,1644644357.7738917,0,10.0.0.8,1644644357.8472986
temperature,404,10.0.0.3,1644644357.77392,0,10.0.0.8,1644644357.8473628
temperature,41,10.0.0.3,1644644357.7739484,0,10.0.0.8,1644644357.847466
temperature,77,10.0.0.3,1644644357.7739804,0,10.0.0.8,1644644357.8475418
temperature,127,10.0.0.3,1644644357.7740571,0,10.0.0.8,1644644357.847608
temperature,7,10.0.0.3,1644644357.774087,0,10.0.0.8,1644644357.8476732
temperature,230,10.0.0.3,1644644357.7741156,0,10.0.0.8,1644644357.8477378
temperature,291,10.0.0.3,1644644357.7741442,0,10.0.0.8,1644644357.8478074
