pressure,383,10.0.0.4,1647664436.5630558,0,10.0.0.5,1647664436.592957
smell,273,10.0.0.4,1647664436.776319,0,10.0.0.5,1647664436.799171
pressure,196,10.0.0.4,1647664436.8772006,0,10.0.0.5,1647664436.8989887
altitude,470,10.0.0.4,1647664437.0996149,0,10.0.0.5,1647664437.130746
location,228,10.0.0.4,1647664437.516349,0,10.0.0.5,1647664437.57855
location,55,10.0.0.4,1647664437.6170883,0,10.0.0.5,1647664437.6566637
pressure,384,10.0.0.4,1647664438.553559,0,10.0.0.5,1647664438.5753107
altitude,345,10.0.0.4,1647664439.5885694,0,10.0.0.5,1647664439.610614
altitude,349,10.0.0.4,1647664440.201454,0,10.0.0.5,1647664440.222322
altitude,272,10.0.0.4,1647664440.3331628,0,10.0.0.5,1647664440.3553054
pressure,296,10.0.0.4,1647664440.4664052,0,10.0.0.5,1647664440.5428915
smell,178,10.0.0.4,1647664440.8728433,0,10.0.0.5,1647664440.9137013
smell,419,10.0.0.4,1647664440.9792337,0,10.0.0.5,1647664441.0047429
pressure,35,10.0.0.4,1647664441.0796008,0,10.0.0.5,1647664441.1105711
smell,281,10.0.0.4,1647664441.1800725,0,10.0.0.5,1647664441.2133129
smell,202,10.0.0.4,1647664441.8011518,0,10.0.0.5,1647664441.8218017
location,31,10.0.0.4,1647664442.1617942,0,10.0.0.5,1647664442.2076333
smell,315,10.0.0.4,1647664442.465679,0,10.0.0.5,1647664442.5468628
pressure,16,10.0.0.4,1647664442.7696557,0,10.0.0.5,1647664442.8089697
smell,44,10.0.0.4,1647664442.870242,0,10.0.0.5,1647664442.8922932
pressure,445,10.0.0.4,1647664442.9707007,0,10.0.0.5,1647664443.0025034
location,142,10.0.0.4,1647664443.0712132,0,10.0.0.5,1647664443.0928893
smell,176,10.0.0.4,1647664444.1195014,0,10.0.0.5,1647664444.1547666
pressure,113,10.0.0.4,1647664444.3210402,0,10.0.0.5,1647664444.3516736
altitude,440,10.0.0.4,1647664444.4246879,0,10.0.0.5,1647664444.4516177
pressure,351,10.0.0.4,1647664444.5250003,0,10.0.0.5,1647664444.547519
altitude,400,10.0.0.4,1647664444.6256475,0,10.0.0.5,1647664444.6467812
altitude,124,10.0.0.4,1647664445.2485962,0,10.0.0.5,1647664445.2694294
altitude,348,10.0.0.4,1647664445.4693353,0,10.0.0.5,1647664445.4947186
altitude,92,10.0.0.4,1647664445.9759216,0,10.0.0.5,1647664445.9968343
location,207,10.0.0.4,1647664446.2854419,0,10.0.0.5,1647664446.3064713
smell,199,10.0.0.4,1647664446.3857124,0,10.0.0.5,1647664446.4102278
location,468,10.0.0.4,1647664446.598304,0,10.0.0.5,1647664446.6193862
location,334,10.0.0.4,1647664446.7068794,0,10.0.0.5,1647664446.7281182
location,488,10.0.0.4,1647664446.8168507,0,10.0.0.5,1647664446.8438003
smell,173,10.0.0.4,1647664446.919646,0,10.0.0.5,1647664446.9400733
smell,120,10.0.0.4,1647664447.2218273,0,10.0.0.5,1647664447.243475
location,25,10.0.0.4,1647664447.3220844,0,10.0.0.5,1647664447.3436627
location,114,10.0.0.4,1647664447.4230917,0,10.0.0.5,1647664447.4436777
location,237,10.0.0.4,1647664447.7311764,0,10.0.0.5,1647664447.7538552
smell,430,10.0.0.4,1647664448.2618244,0,10.0.0.5,1647664448.2824137
altitude,429,10.0.0.4,1647664448.3678644,0,10.0.0.5,1647664448.3889956
smell,419,10.0.0.4,1647664448.5686553,0,10.0.0.5,1647664448.5908263
location,68,10.0.0.4,1647664448.673501,0,10.0.0.5,1647664448.694207
smell,396,10.0.0.4,1647664448.9062612,0,10.0.0.5,1647664448.926926
smell,36,10.0.0.4,1647664449.0218146,0,10.0.0.5,1647664449.0433724
pressure,403,10.0.0.4,1647664449.24051,0,10.0.0.5,1647664449.2640257
location,247,10.0.0.4,1647664449.3435183,0,10.0.0.5,1647664449.3706243
location,350,10.0.0.4,1647664449.6447947,0,10.0.0.5,1647664449.6665907
location,157,10.0.0.4,1647664449.8460333,0,10.0.0.5,1647664449.867062
location,321,10.0.0.4,1647664450.4693172,0,10.0.0.5,1647664450.490038
location,389,10.0.0.4,1647664450.676245,0,10.0.0.5,1647664450.6976721
location,395,10.0.0.4,1647664450.8902323,0,10.0.0.5,1647664450.9116542
altitude,257,10.0.0.4,1647664451.0024648,0,10.0.0.5,1647664451.0237103
altitude,325,10.0.0.4,1647664451.2102969,0,10.0.0.5,1647664451.2316096
location,49,10.0.0.4,1647664451.4167323,0,10.0.0.5,1647664451.4382057
altitude,252,10.0.0.4,1647664451.5274248,0,10.0.0.5,1647664451.5530374
altitude,198,10.0.0.4,1647664451.965517,0,10.0.0.5,1647664451.987101
pressure,208,10.0.0.4,1647664452.0669777,0,10.0.0.5,1647664452.0895298
smell,387,10.0.0.4,1647664452.1674957,0,10.0.0.5,1647664452.1885297
smell,186,10.0.0.4,1647664452.5696878,0,10.0.0.5,1647664452.594333
location,8,10.0.0.4,1647664452.676564,0,10.0.0.5,1647664452.6975586
location,303,10.0.0.4,1647664452.776821,0,10.0.0.5,1647664452.798945
location,352,10.0.0.4,1647664452.8780966,0,10.0.0.5,1647664452.9056742
altitude,308,10.0.0.4,1647664453.0788536,0,10.0.0.5,1647664453.0993757
pressure,448,10.0.0.4,1647664453.280011,0,10.0.0.5,1647664453.300733
location,244,10.0.0.4,1647664453.5825508,0,10.0.0.5,1647664453.6081734
altitude,34,10.0.0.4,1647664453.987551,0,10.0.0.5,1647664454.009225
smell,254,10.0.0.4,1647664454.0879722,0,10.0.0.5,1647664454.1119308
smell,490,10.0.0.4,1647664454.1888,0,10.0.0.5,1647664454.2096095
altitude,260,10.0.0.4,1647664454.3899493,0,10.0.0.5,1647664454.4215112
pressure,370,10.0.0.4,1647664454.596213,0,10.0.0.5,1647664454.6172037
location,113,10.0.0.4,1647664454.7975879,0,10.0.0.5,1647664454.818082
smell,20,10.0.0.4,1647664455.0115068,0,10.0.0.5,1647664455.033248
location,491,10.0.0.4,1647664455.1120539,0,10.0.0.5,1647664455.132668
location,324,10.0.0.4,1647664455.7305965,0,10.0.0.5,1647664455.7511876
smell,251,10.0.0.4,1647664455.8322904,0,10.0.0.5,1647664455.852808
pressure,474,10.0.0.4,1647664455.9327924,0,10.0.0.5,1647664455.953919
location,410,10.0.0.4,1647664456.033036,0,10.0.0.5,1647664456.0543294
smell,123,10.0.0.4,1647664456.5832698,0,10.0.0.5,1647664456.6091104
pressure,455,10.0.0.4,1647664456.7988462,0,10.0.0.5,1647664456.819971
pressure,24,10.0.0.4,1647664456.8997436,0,10.0.0.5,1647664456.9245105
location,225,10.0.0.4,1647664457.008512,0,10.0.0.5,1647664457.029787
location,171,10.0.0.4,1647664458.0530205,0,10.0.0.5,1647664458.074153
location,182,10.0.0.4,1647664458.2552695,0,10.0.0.5,1647664458.2763402
altitude,455,10.0.0.4,1647664458.4596462,0,10.0.0.5,1647664458.4811292
location,202,10.0.0.4,1647664458.6617599,0,10.0.0.5,1647664458.68393
smell,394,10.0.0.4,1647664458.7624433,0,10.0.0.5,1647664458.7893865
altitude,496,10.0.0.4,1647664458.870971,0,10.0.0.5,1647664458.8922138
smell,424,10.0.0.4,1647664458.9763432,0,10.0.0.5,1647664458.9979072
smell,364,10.0.0.4,1647664459.077123,0,10.0.0.5,1647664459.0980232
smell,332,10.0.0.4,1647664459.1783867,0,10.0.0.5,1647664459.1992154
pressure,214,10.0.0.4,1647664459.284842,0,10.0.0.5,1647664459.3060331
pressure,320,10.0.0.4,1647664459.6915174,0,10.0.0.5,1647664459.7134604
altitude,414,10.0.0.4,1647664459.8951137,0,10.0.0.5,1647664459.9163206
pressure,401,10.0.0.4,1647664459.995434,0,10.0.0.5,1647664460.0168996
location,280,10.0.0.4,1647664460.4995105,0,10.0.0.5,1647664460.5203054
altitude,449,10.0.0.4,1647664460.7047198,0,10.0.0.5,1647664460.726175
pressure,187,10.0.0.4,1647664461.10971,0,10.0.0.5,1647664461.1301334
altitude,77,10.0.0.4,1647664461.210194,0,10.0.0.5,1647664461.2329502
altitude,178,10.0.0.4,1647664461.3134296,0,10.0.0.5,1647664461.3371937
location,218,10.0.0.4,1647664461.4290502,0,10.0.0.5,1647664461.4557302
location,134,10.0.0.4,1647664461.5294626,0,10.0.0.5,1647664461.5531535
pressure,364,10.0.0.4,1647664461.8306909,0,10.0.0.5,1647664461.8517427
altitude,256,10.0.0.4,1647664462.3374727,0,10.0.0.5,1647664462.3627481
pressure,86,10.0.0.4,1647664462.6499727,0,10.0.0.5,1647664462.676048
pressure,113,10.0.0.4,1647664462.7673867,0,10.0.0.5,1647664462.7920969
location,289,10.0.0.4,1647664463.217428,0,10.0.0.5,1647664463.2400932
altitude,452,10.0.0.4,1647664463.3182654,0,10.0.0.5,1647664463.3399053
altitude,431,10.0.0.4,1647664464.2546175,0,10.0.0.5,1647664464.275705
altitude,476,10.0.0.4,1647664464.3550313,0,10.0.0.5,1647664464.3759592
smell,357,10.0.0.4,1647664464.6562715,0,10.0.0.5,1647664464.677477
altitude,444,10.0.0.4,1647664464.8568244,0,10.0.0.5,1647664464.878571
altitude,477,10.0.0.4,1647664465.7663245,0,10.0.0.5,1647664465.7880313
location,424,10.0.0.4,1647664466.0753436,0,10.0.0.5,1647664466.0969322
smell,149,10.0.0.4,1647664466.176168,0,10.0.0.5,1647664466.196923
location,404,10.0.0.4,1647664466.594646,0,10.0.0.5,1647664466.6169515
location,472,10.0.0.4,1647664466.6968079,0,10.0.0.5,1647664466.7176957
pressure,397,10.0.0.4,1647664467.3060257,0,10.0.0.5,1647664467.3282278
altitude,91,10.0.0.4,1647664467.552322,0,10.0.0.5,1647664467.5851538
smell,315,10.0.0.4,1647664467.652713,0,10.0.0.5,1647664467.6736963
smell,281,10.0.0.4,1647664467.8948326,0,10.0.0.5,1647664467.9160972
smell,24,10.0.0.4,1647664468.104788,0,10.0.0.5,1647664468.1316764
location,27,10.0.0.4,1647664468.216695,0,10.0.0.5,1647664468.2405853
altitude,271,10.0.0.4,1647664469.1617627,0,10.0.0.5,1647664469.1884825
pressure,204,10.0.0.4,1647664469.375116,0,10.0.0.5,1647664469.3978858
smell,87,10.0.0.4,1647664469.5976353,0,10.0.0.5,1647664469.6282356
location,178,10.0.0.4,1647664469.8082106,0,10.0.0.5,1647664469.8290448
pressure,25,10.0.0.4,1647664469.9090443,0,10.0.0.5,1647664469.929929
altitude,96,10.0.0.4,1647664470.009314,0,10.0.0.5,1647664470.0310092
smell,59,10.0.0.4,1647664470.3138568,0,10.0.0.5,1647664470.335551
location,207,10.0.0.4,1647664470.5155087,0,10.0.0.5,1647664470.5367558
location,403,10.0.0.4,1647664470.9200509,0,10.0.0.5,1647664470.9418294
smell,397,10.0.0.4,1647664471.1212363,0,10.0.0.5,1647664471.1435425
smell,1,10.0.0.4,1647664471.2216759,0,10.0.0.5,1647664471.2429183
altitude,273,10.0.0.4,1647664471.3220224,0,10.0.0.5,1647664471.3433738
location,26,10.0.0.4,1647664471.422996,0,10.0.0.5,1647664471.4437373
smell,134,10.0.0.4,1647664471.72543,0,10.0.0.5,1647664471.746108
smell,338,10.0.0.4,1647664471.8262293,0,10.0.0.5,1647664471.847471
smell,268,10.0.0.4,1647664472.0273697,0,10.0.0.5,1647664472.0480673
altitude,127,10.0.0.4,1647664472.127999,0,10.0.0.5,1647664472.149567
altitude,307,10.0.0.4,1647664472.3288813,0,10.0.0.5,1647664472.350343
smell,111,10.0.0.4,1647664472.651646,0,10.0.0.5,1647664472.6772528
pressure,356,10.0.0.4,1647664473.1760683,0,10.0.0.5,1647664473.2001693
smell,8,10.0.0.4,1647664473.7824948,0,10.0.0.5,1647664473.8063998
pressure,372,10.0.0.4,1647664474.1103635,0,10.0.0.5,1647664474.1321633
pressure,96,10.0.0.4,1647664474.21095,0,10.0.0.5,1647664474.2315872
location,195,10.0.0.4,1647664474.311642,0,10.0.0.5,1647664474.3326845
altitude,151,10.0.0.4,1647664475.015714,0,10.0.0.5,1647664475.0369766
location,128,10.0.0.4,1647664475.2170362,0,10.0.0.5,1647664475.2383697
location,384,10.0.0.4,1647664476.0265758,0,10.0.0.5,1647664476.0483124
location,245,10.0.0.4,1647664476.3281322,0,10.0.0.5,1647664476.350158
location,110,10.0.0.4,1647664476.6317391,0,10.0.0.5,1647664476.653003
altitude,252,10.0.0.4,1647664476.9333725,0,10.0.0.5,1647664476.9547217
location,262,10.0.0.4,1647664477.2514021,0,10.0.0.5,1647664477.2736604
location,343,10.0.0.4,1647664477.5527139,0,10.0.0.5,1647664477.5776758
altitude,457,10.0.0.4,1647664477.7537131,0,10.0.0.5,1647664477.7855105
smell,140,10.0.0.4,1647664478.0557847,0,10.0.0.5,1647664478.0763698
smell,29,10.0.0.4,1647664478.156306,0,10.0.0.5,1647664478.1769829
location,180,10.0.0.4,1647664478.5589314,0,10.0.0.5,1647664478.5804822
altitude,218,10.0.0.4,1647664478.76283,0,10.0.0.5,1647664478.785723
altitude,397,10.0.0.4,1647664478.8635113,0,10.0.0.5,1647664478.8839371
pressure,161,10.0.0.4,1647664479.0658422,0,10.0.0.5,1647664479.087459
altitude,467,10.0.0.4,1647664479.366583,0,10.0.0.5,1647664479.3877592
smell,497,10.0.0.4,1647664479.4668217,0,10.0.0.5,1647664479.4944322
altitude,479,10.0.0.4,1647664480.0882742,0,10.0.0.5,1647664480.1104815
smell,381,10.0.0.4,1647664480.2906914,0,10.0.0.5,1647664480.3162005
pressure,401,10.0.0.4,1647664480.3916671,0,10.0.0.5,1647664480.413222
pressure,449,10.0.0.4,1647664480.592819,0,10.0.0.5,1647664480.6145747
altitude,3,10.0.0.4,1647664480.8005216,0,10.0.0.5,1647664480.823542
location,43,10.0.0.4,1647664481.0104125,0,10.0.0.5,1647664481.0354183
smell,72,10.0.0.4,1647664481.413654,0,10.0.0.5,1647664481.438598
pressure,446,10.0.0.4,1647664481.514314,0,10.0.0.5,1647664481.536072
smell,123,10.0.0.4,1647664481.7149513,0,10.0.0.5,1647664481.735981
location,261,10.0.0.4,1647664481.8151805,0,10.0.0.5,1647664481.8420982
location,78,10.0.0.4,1647664481.918053,0,10.0.0.5,1647664481.9387257
pressure,175,10.0.0.4,1647664482.0184112,0,10.0.0.5,1647664482.0399835
smell,4,10.0.0.4,1647664482.1186104,0,10.0.0.5,1647664482.1405895
pressure,276,10.0.0.4,1647664482.2190697,0,10.0.0.5,1647664482.2397454
pressure,76,10.0.0.4,1647664482.319278,0,10.0.0.5,1647664482.3478305
smell,235,10.0.0.4,1647664482.6353629,0,10.0.0.5,1647664482.6570761
location,480,10.0.0.4,1647664482.7355833,0,10.0.0.5,1647664482.7566574
location,192,10.0.0.4,1647664482.8359966,0,10.0.0.5,1647664482.8590379
altitude,96,10.0.0.4,1647664483.0478203,0,10.0.0.5,1647664483.0771928
altitude,407,10.0.0.4,1647664483.1624382,0,10.0.0.5,1647664483.1927912
pressure,244,10.0.0.4,1647664483.3637881,0,10.0.0.5,1647664483.3874009
altitude,227,10.0.0.4,1647664483.4647455,0,10.0.0.5,1647664483.4964218
location,193,10.0.0.4,1647664483.9653218,0,10.0.0.5,1647664483.9903672
smell,116,10.0.0.4,1647664484.0656297,0,10.0.0.5,1647664484.0943298
pressure,396,10.0.0.4,1647664484.1688883,0,10.0.0.5,1647664484.1963947
altitude,411,10.0.0.4,1647664484.2806673,0,10.0.0.5,1647664484.3035975
smell,35,10.0.0.4,1647664484.5027459,0,10.0.0.5,1647664484.5245092
pressure,105,10.0.0.4,1647664484.605143,0,10.0.0.5,1647664484.6277616
altitude,434,10.0.0.4,1647664484.7108252,0,10.0.0.5,1647664484.7410986
location,147,10.0.0.4,1647664485.017396,0,10.0.0.5,1647664485.0386848
location,319,10.0.0.4,1647664485.122203,0,10.0.0.5,1647664485.1525216
altitude,292,10.0.0.4,1647664485.224061,0,10.0.0.5,1647664485.2447078
location,227,10.0.0.4,1647664485.3256514,0,10.0.0.5,1647664485.3469164
pressure,16,10.0.0.4,1647664485.4289231,0,10.0.0.5,1647664485.453597
smell,266,10.0.0.4,1647664485.6322458,0,10.0.0.5,1647664485.6556408
location,148,10.0.0.4,1647664485.7326572,0,10.0.0.5,1647664485.7587314
altitude,47,10.0.0.4,1647664485.9339616,0,10.0.0.5,1647664485.9556942
altitude,81,10.0.0.4,1647664486.0392337,0,10.0.0.5,1647664486.0799766
altitude,457,10.0.0.4,1647664486.1397216,0,10.0.0.5,1647664486.165411
smell,415,10.0.0.4,1647664486.4424467,0,10.0.0.5,1647664486.4810374
smell,489,10.0.0.4,1647664487.1989589,0,10.0.0.5,1647664487.2394528
location,319,10.0.0.4,1647664487.572279,0,10.0.0.5,1647664487.7078831
altitude,17,10.0.0.4,1647664487.7961912,0,10.0.0.5,1647664487.8326497
pressure,341,10.0.0.4,1647664487.8969681,0,10.0.0.5,1647664488.0491223
location,250,10.0.0.4,1647664488.0493307,0,10.0.0.5,1647664488.078306
altitude,87,10.0.0.4,1647664488.2587457,0,10.0.0.5,1647664488.3073492
altitude,31,10.0.0.4,1647664488.4621298,0,10.0.0.5,1647664488.5337427
smell,244,10.0.0.4,1647664488.7843497,0,10.0.0.5,1647664488.8334181
pressure,197,10.0.0.4,1647664488.8851366,0,10.0.0.5,1647664488.907727
pressure,312,10.0.0.4,1647664489.1908147,0,10.0.0.5,1647664489.234516
location,260,10.0.0.4,1647664489.2913046,0,10.0.0.5,1647664489.312669
altitude,301,10.0.0.4,1647664489.5065465,0,10.0.0.5,1647664489.5328298
pressure,198,10.0.0.4,1647664489.9226782,0,10.0.0.5,1647664490.023415
pressure,397,10.0.0.4,1647664490.0239534,0,10.0.0.5,1647664490.0543828
location,284,10.0.0.4,1647664490.2288065,0,10.0.0.5,1647664490.257252
location,162,10.0.0.4,1647664490.3290956,0,10.0.0.5,1647664490.426974
pressure,9,10.0.0.4,1647664490.4330864,0,10.0.0.5,1647664490.4556253
smell,123,10.0.0.4,1647664490.533705,0,10.0.0.5,1647664490.5682356
pressure,183,10.0.0.4,1647664490.7347245,0,10.0.0.5,1647664490.7768605
altitude,230,10.0.0.4,1647664490.9411616,0,10.0.0.5,1647664490.9685256
location,242,10.0.0.4,1647664491.0445018,0,10.0.0.5,1647664491.1510627
altitude,251,10.0.0.4,1647664491.2522526,0,10.0.0.5,1647664491.32384
pressure,137,10.0.0.4,1647664491.3531704,0,10.0.0.5,1647664491.3744059
smell,311,10.0.0.4,1647664491.7943938,0,10.0.0.5,1647664491.8204231
pressure,349,10.0.0.4,1647664491.9953823,0,10.0.0.5,1647664492.0385613
location,402,10.0.0.4,1647664492.0958195,0,10.0.0.5,1647664492.1169753
location,282,10.0.0.4,1647664492.3205652,0,10.0.0.5,1647664492.3863683
location,380,10.0.0.4,1647664492.421438,0,10.0.0.5,1647664492.4425592
location,348,10.0.0.4,1647664492.9451623,0,10.0.0.5,1647664492.969404
location,337,10.0.0.4,1647664493.2723515,0,10.0.0.5,1647664493.362105
smell,45,10.0.0.4,1647664493.373045,0,10.0.0.5,1647664493.3956034
smell,374,10.0.0.4,1647664493.7107642,0,10.0.0.5,1647664493.7718449
pressure,463,10.0.0.4,1647664494.063863,0,10.0.0.5,1647664494.1275902
altitude,464,10.0.0.4,1647664494.1645346,0,10.0.0.5,1647664494.1859467
altitude,293,10.0.0.4,1647664494.2713385,0,10.0.0.5,1647664494.3486323
altitude,495,10.0.0.4,1647664494.3725836,0,10.0.0.5,1647664494.3967693
location,273,10.0.0.4,1647664494.4865987,0,10.0.0.5,1647664494.5070975
smell,488,10.0.0.4,1647664494.6882224,0,10.0.0.5,1647664494.7095435
altitude,305,10.0.0.4,1647664494.7995586,0,10.0.0.5,1647664494.8204575
location,219,10.0.0.4,1647664495.0006416,0,10.0.0.5,1647664495.0214553
pressure,482,10.0.0.4,1647664495.2172399,0,10.0.0.5,1647664495.2408583
pressure,128,10.0.0.4,1647664495.3176177,0,10.0.0.5,1647664495.3382783
smell,432,10.0.0.4,1647664495.547377,0,10.0.0.5,1647664495.574155
smell,82,10.0.0.4,1647664495.6571414,0,10.0.0.5,1647664495.6779554
smell,431,10.0.0.4,1647664495.7576156,0,10.0.0.5,1647664495.7788408
smell,118,10.0.0.4,1647664495.8649135,0,10.0.0.5,1647664495.8918905
altitude,268,10.0.0.4,1647664496.276397,0,10.0.0.5,1647664496.2970033
altitude,348,10.0.0.4,1647664496.5092795,0,10.0.0.5,1647664496.5375311
location,354,10.0.0.4,1647664496.8110814,0,10.0.0.5,1647664496.831624
pressure,30,10.0.0.4,1647664497.346439,0,10.0.0.5,1647664497.3685431
location,251,10.0.0.4,1647664497.6562912,0,10.0.0.5,1647664497.678137
altitude,28,10.0.0.4,1647664497.8575737,0,10.0.0.5,1647664497.878651
pressure,171,10.0.0.4,1647664498.1811569,0,10.0.0.5,1647664498.202131
altitude,3,10.0.0.4,1647664498.2814093,0,10.0.0.5,1647664498.3023064
smell,10,10.0.0.4,1647664498.724626,0,10.0.0.5,1647664498.747036
location,374,10.0.0.4,1647664499.0429049,0,10.0.0.5,1647664499.0694377
location,27,10.0.0.4,1647664499.143547,0,10.0.0.5,1647664499.1650276
smell,125,10.0.0.4,1647664499.4448793,0,10.0.0.5,1647664499.4724164
pressure,241,10.0.0.4,1647664499.545224,0,10.0.0.5,1647664499.5714338
smell,98,10.0.0.4,1647664499.6455238,0,10.0.0.5,1647664499.6664097
altitude,86,10.0.0.4,1647664499.9467149,0,10.0.0.5,1647664499.9778957
location,420,10.0.0.4,1647664500.0610824,0,10.0.0.5,1647664500.0873103
altitude,446,10.0.0.4,1647664500.3642554,0,10.0.0.5,1647664500.38868
pressure,258,10.0.0.4,1647664500.954754,0,10.0.0.5,1647664500.9797287
smell,258,10.0.0.4,1647664501.2569854,0,10.0.0.5,1647664501.277805
altitude,323,10.0.0.4,1647664501.457691,0,10.0.0.5,1647664501.4789631
pressure,334,10.0.0.4,1647664501.6585963,0,10.0.0.5,1647664501.6803565
altitude,209,10.0.0.4,1647664501.8599257,0,10.0.0.5,1647664501.8813727
smell,477,10.0.0.4,1647664502.0612705,0,10.0.0.5,1647664502.088855
pressure,97,10.0.0.4,1647664502.8003879,0,10.0.0.5,1647664502.8219068
location,392,10.0.0.4,1647664503.6199334,0,10.0.0.5,1647664503.641511
location,64,10.0.0.4,1647664504.2259285,0,10.0.0.5,1647664504.2596529
altitude,268,10.0.0.4,1647664504.3261704,0,10.0.0.5,1647664504.3471148
smell,203,10.0.0.4,1647664505.0474916,0,10.0.0.5,1647664505.0695393
pressure,361,10.0.0.4,1647664505.3495305,0,10.0.0.5,1647664505.3715332
location,135,10.0.0.4,1647664505.4497693,0,10.0.0.5,1647664505.470273
location,280,10.0.0.4,1647664505.6617775,0,10.0.0.5,1647664505.6834853
altitude,182,10.0.0.4,1647664506.1027303,0,10.0.0.5,1647664506.1339197
pressure,196,10.0.0.4,1647664506.3048003,0,10.0.0.5,1647664506.3258038
smell,230,10.0.0.4,1647664506.8358028,0,10.0.0.5,1647664506.860473
location,452,10.0.0.4,1647664507.154519,0,10.0.0.5,1647664507.180895
smell,50,10.0.0.4,1647664507.4946883,0,10.0.0.5,1647664507.5171897
location,56,10.0.0.4,1647664507.8138316,0,10.0.0.5,1647664507.8367243
pressure,380,10.0.0.4,1647664508.563186,0,10.0.0.5,1647664508.6009803
location,467,10.0.0.4,1647664508.6647456,0,10.0.0.5,1647664508.6960793
location,393,10.0.0.4,1647664508.8820488,0,10.0.0.5,1647664508.9049175
smell,325,10.0.0.4,1647664509.2024066,0,10.0.0.5,1647664509.2388253
smell,221,10.0.0.4,1647664509.3052433,0,10.0.0.5,1647664509.3546042
pressure,433,10.0.0.4,1647664509.6141527,0,10.0.0.5,1647664509.6408029
smell,203,10.0.0.4,1647664509.725853,0,10.0.0.5,1647664509.7482345
altitude,403,10.0.0.4,1647664509.9356449,0,10.0.0.5,1647664509.9759529
pressure,405,10.0.0.4,1647664510.0361602,0,10.0.0.5,1647664510.066255
smell,45,10.0.0.4,1647664510.1428893,0,10.0.0.5,1647664510.175877
location,186,10.0.0.4,1647664510.2431579,0,10.0.0.5,1647664510.2691002
location,216,10.0.0.4,1647664510.545248,0,10.0.0.5,1647664510.569173
smell,232,10.0.0.4,1647664510.6459525,0,10.0.0.5,1647664510.6781623
pressure,240,10.0.0.4,1647664510.755723,0,10.0.0.5,1647664510.8127522
location,419,10.0.0.4,1647664510.856907,0,10.0.0.5,1647664510.881258
altitude,37,10.0.0.4,1647664510.9682121,0,10.0.0.5,1647664511.0128932
altitude,60,10.0.0.4,1647664511.1689885,0,10.0.0.5,1647664511.1970742
pressure,205,10.0.0.4,1647664511.806671,0,10.0.0.5,1647664511.8334277
location,70,10.0.0.4,1647664512.0087407,0,10.0.0.5,1647664512.0567005
pressure,146,10.0.0.4,1647664512.1089609,0,10.0.0.5,1647664512.1342156
smell,195,10.0.0.4,1647664512.209557,0,10.0.0.5,1647664512.2327437
altitude,482,10.0.0.4,1647664512.3102093,0,10.0.0.5,1647664512.3314908
location,305,10.0.0.4,1647664512.4128873,0,10.0.0.5,1647664512.4660761
pressure,164,10.0.0.4,1647664512.613703,0,10.0.0.5,1647664512.650578
smell,159,10.0.0.4,1647664512.7141204,0,10.0.0.5,1647664512.7553759
pressure,420,10.0.0.4,1647664512.9354956,0,10.0.0.5,1647664512.9575427
smell,59,10.0.0.4,1647664513.353636,0,10.0.0.5,1647664513.3962522
pressure,378,10.0.0.4,1647664513.9653568,0,10.0.0.5,1647664513.987006
location,211,10.0.0.4,1647664514.075547,0,10.0.0.5,1647664514.1556609
location,225,10.0.0.4,1647664515.0968466,0,10.0.0.5,1647664515.1480627
pressure,20,10.0.0.4,1647664515.5358028,0,10.0.0.5,1647664515.5766084
altitude,395,10.0.0.4,1647664515.9444814,0,10.0.0.5,1647664515.9788878
smell,450,10.0.0.4,1647664516.2511816,0,10.0.0.5,1647664516.2726805
location,150,10.0.0.4,1647664516.5617385,0,10.0.0.5,1647664516.5832698
smell,374,10.0.0.4,1647664516.879488,0,10.0.0.5,1647664516.9118123
pressure,338,10.0.0.4,1647664516.985889,0,10.0.0.5,1647664517.0104122
altitude,365,10.0.0.4,1647664517.0905178,0,10.0.0.5,1647664517.1159894
altitude,496,10.0.0.4,1647664517.3050294,0,10.0.0.5,1647664517.3493052
smell,272,10.0.0.4,1647664517.4121182,0,10.0.0.5,1647664517.4499464
altitude,114,10.0.0.4,1647664517.614203,0,10.0.0.5,1647664517.655363
altitude,480,10.0.0.4,1647664517.8206444,0,10.0.0.5,1647664517.8570676
pressure,25,10.0.0.4,1647664518.0250628,0,10.0.0.5,1647664518.0662851
altitude,361,10.0.0.4,1647664518.4315155,0,10.0.0.5,1647664518.4804876
smell,11,10.0.0.4,1647664518.633596,0,10.0.0.5,1647664518.6632493
pressure,482,10.0.0.4,1647664518.8415675,0,10.0.0.5,1647664518.880303
location,405,10.0.0.4,1647664519.0468075,0,10.0.0.5,1647664519.080668
location,260,10.0.0.4,1647664519.1507015,0,10.0.0.5,1647664519.1913342
location,256,10.0.0.4,1647664519.2528458,0,10.0.0.5,1647664519.2770092
smell,441,10.0.0.4,1647664519.5788217,0,10.0.0.5,1647664519.6261778
pressure,169,10.0.0.4,1647664519.6791425,0,10.0.0.5,1647664519.7049708
pressure,299,10.0.0.4,1647664519.7796216,0,10.0.0.5,1647664519.8273463
pressure,218,10.0.0.4,1647664520.1362703,0,10.0.0.5,1647664520.161915
pressure,368,10.0.0.4,1647664520.7393124,0,10.0.0.5,1647664520.7606833
smell,102,10.0.0.4,1647664520.9404263,0,10.0.0.5,1647664520.9829433
altitude,252,10.0.0.4,1647664521.0411577,0,10.0.0.5,1647664521.072564
location,34,10.0.0.4,1647664521.1414797,0,10.0.0.5,1647664521.1696165
altitude,266,10.0.0.4,1647664521.449896,0,10.0.0.5,1647664521.4862373
altitude,400,10.0.0.4,1647664521.9581006,0,10.0.0.5,1647664521.9843047
location,72,10.0.0.4,1647664522.0584702,0,10.0.0.5,1647664522.0877302
altitude,15,10.0.0.4,1647664522.1658742,0,10.0.0.5,1647664522.1869037
pressure,466,10.0.0.4,1647664522.5731792,0,10.0.0.5,1647664522.5996966
pressure,97,10.0.0.4,1647664522.6735196,0,10.0.0.5,1647664522.6960819
pressure,37,10.0.0.4,1647664522.7742112,0,10.0.0.5,1647664522.7970066
smell,217,10.0.0.4,1647664522.8745508,0,10.0.0.5,1647664522.907658
pressure,312,10.0.0.4,1647664522.9767377,0,10.0.0.5,1647664523.0079947
altitude,304,10.0.0.4,1647664523.1870503,0,10.0.0.5,1647664523.2164273
altitude,196,10.0.0.4,1647664523.287814,0,10.0.0.5,1647664523.3151045
pressure,51,10.0.0.4,1647664523.4934912,0,10.0.0.5,1647664523.5336118
smell,92,10.0.0.4,1647664523.8997982,0,10.0.0.5,1647664523.9209602
smell,116,10.0.0.4,1647664524.0113137,0,10.0.0.5,1647664524.05608
location,170,10.0.0.4,1647664524.3343449,0,10.0.0.5,1647664524.3602297
smell,71,10.0.0.4,1647664524.9434528,0,10.0.0.5,1647664525.0500247
smell,217,10.0.0.4,1647664525.16605,0,10.0.0.5,1647664525.1971798
pressure,75,10.0.0.4,1647664525.266752,0,10.0.0.5,1647664525.2873392
location,170,10.0.0.4,1647664525.468089,0,10.0.0.5,1647664525.5038815
location,211,10.0.0.4,1647664525.6819742,0,10.0.0.5,1647664525.7076254
location,455,10.0.0.4,1647664525.782562,0,10.0.0.5,1647664525.808786
smell,90,10.0.0.4,1647664525.985382,0,10.0.0.5,1647664526.0172446
smell,117,10.0.0.4,1647664526.0862372,0,10.0.0.5,1647664526.1074095
smell,23,10.0.0.4,1647664526.1864922,0,10.0.0.5,1647664526.207729
pressure,496,10.0.0.4,1647664526.3880343,0,10.0.0.5,1647664526.4125576
altitude,247,10.0.0.4,1647664527.017479,0,10.0.0.5,1647664527.0413792
pressure,284,10.0.0.4,1647664527.3291,0,10.0.0.5,1647664527.3497932
altitude,446,10.0.0.4,1647664527.530471,0,10.0.0.5,1647664527.551651
altitude,89,10.0.0.4,1647664528.2378864,0,10.0.0.5,1647664528.2598886
altitude,445,10.0.0.4,1647664528.540095,0,10.0.0.5,1647664528.561205
altitude,454,10.0.0.4,1647664528.7413764,0,10.0.0.5,1647664528.7619648
location,345,10.0.0.4,1647664528.8419476,0,10.0.0.5,1647664528.8633852
smell,292,10.0.0.4,1647664528.9424117,0,10.0.0.5,1647664528.9633787
pressure,496,10.0.0.4,1647664529.1435056,0,10.0.0.5,1647664529.1641924
altitude,201,10.0.0.4,1647664529.4491627,0,10.0.0.5,1647664529.4724147
altitude,472,10.0.0.4,1647664529.5494688,0,10.0.0.5,1647664529.5718584
altitude,111,10.0.0.4,1647664529.8511047,0,10.0.0.5,1647664529.8722591
smell,304,10.0.0.4,1647664530.1530366,0,10.0.0.5,1647664530.1749706
pressure,423,10.0.0.4,1647664530.6667979,0,10.0.0.5,1647664530.6959062
location,129,10.0.0.4,1647664530.7673287,0,10.0.0.5,1647664530.788608
location,250,10.0.0.4,1647664530.867942,0,10.0.0.5,1647664530.8889725
location,346,10.0.0.4,1647664530.968362,0,10.0.0.5,1647664530.989657
altitude,125,10.0.0.4,1647664531.2783456,0,10.0.0.5,1647664531.2999904
location,460,10.0.0.4,1647664531.3832605,0,10.0.0.5,1647664531.4041035
smell,439,10.0.0.4,1647664531.6949577,0,10.0.0.5,1647664531.7163122
smell,356,10.0.0.4,1647664531.897103,0,10.0.0.5,1647664531.9211843
pressure,188,10.0.0.4,1647664532.1283276,0,10.0.0.5,1647664532.1506443
altitude,464,10.0.0.4,1647664532.329478,0,10.0.0.5,1647664532.3507183
altitude,465,10.0.0.4,1647664532.7780638,0,10.0.0.5,1647664532.798994
altitude,472,10.0.0.4,1647664532.8785596,0,10.0.0.5,1647664532.8990545
smell,69,10.0.0.4,1647664533.186634,0,10.0.0.5,1647664533.207327
altitude,201,10.0.0.4,1647664533.4980602,0,10.0.0.5,1647664533.525266
location,67,10.0.0.4,1647664533.598596,0,10.0.0.5,1647664533.619509
altitude,202,10.0.0.4,1647664533.8010316,0,10.0.0.5,1647664533.8225646
altitude,105,10.0.0.4,1647664533.9014606,0,10.0.0.5,1647664533.9229648
pressure,484,10.0.0.4,1647664534.0018516,0,10.0.0.5,1647664534.02347
smell,118,10.0.0.4,1647664534.2031348,0,10.0.0.5,1647664534.2239301
smell,463,10.0.0.4,1647664534.406287,0,10.0.0.5,1647664534.4274113
location,284,10.0.0.4,1647664534.8254082,0,10.0.0.5,1647664534.8458593
location,445,10.0.0.4,1647664535.1657188,0,10.0.0.5,1647664535.1918726
pressure,313,10.0.0.4,1647664535.266043,0,10.0.0.5,1647664535.287263
location,230,10.0.0.4,1647664536.0105324,0,10.0.0.5,1647664536.0331635
location,467,10.0.0.4,1647664536.3236966,0,10.0.0.5,1647664536.3444664
pressure,76,10.0.0.4,1647664536.4239163,0,10.0.0.5,1647664536.450861
smell,436,10.0.0.4,1647664536.6319122,0,10.0.0.5,1647664536.6524713
altitude,430,10.0.0.4,1647664536.9507315,0,10.0.0.5,1647664536.9737372
smell,63,10.0.0.4,1647664537.5561652,0,10.0.0.5,1647664537.5771163
location,420,10.0.0.4,1647664537.757057,0,10.0.0.5,1647664537.7781992
pressure,241,10.0.0.4,1647664537.8578815,0,10.0.0.5,1647664537.881244
smell,82,10.0.0.4,1647664537.9585264,0,10.0.0.5,1647664537.979728
altitude,256,10.0.0.4,1647664538.2660427,0,10.0.0.5,1647664538.2881515
altitude,462,10.0.0.4,1647664538.6696026,0,10.0.0.5,1647664538.6963818
altitude,160,10.0.0.4,1647664538.9133813,0,10.0.0.5,1647664538.9367235
smell,5,10.0.0.4,1647664539.4160182,0,10.0.0.5,1647664539.4374526
location,433,10.0.0.4,1647664539.5165207,0,10.0.0.5,1647664539.5371122
altitude,476,10.0.0.4,1647664539.6170983,0,10.0.0.5,1647664539.638679
smell,83,10.0.0.4,1647664539.8181634,0,10.0.0.5,1647664539.8387964
pressure,369,10.0.0.4,1647664539.9185147,0,10.0.0.5,1647664539.9398112
location,494,10.0.0.4,1647664540.1196947,0,10.0.0.5,1647664540.1413841
pressure,295,10.0.0.4,1647664540.5240114,0,10.0.0.5,1647664540.5448306
location,444,10.0.0.4,1647664540.6244352,0,10.0.0.5,1647664540.645859
smell,416,10.0.0.4,1647664540.9459002,0,10.0.0.5,1647664540.9708505
smell,334,10.0.0.4,1647664541.046339,0,10.0.0.5,1647664541.0675874
location,406,10.0.0.4,1647664541.1467075,0,10.0.0.5,1647664541.1674733
altitude,57,10.0.0.4,1647664541.2471347,0,10.0.0.5,1647664541.2679715
smell,93,10.0.0.4,1647664541.355936,0,10.0.0.5,1647664541.3820543
