temperature,333,10.0.0.2,1644556239,0,10.0.0.11,1644556240,0.020990133
weather,460,10.0.0.2,1644556239,0,10.0.0.7,1644556240,0.021990061
weather,460,10.0.0.2,1644556239,0,10.0.0.11,1644556240,0.022399902
altitude,362,10.0.0.2,1644556239,0,10.0.0.7,1644556240,0.022320032
pressure,480,10.0.0.2,1644556239,0,10.0.0.11,1644556240,0.022430182
altitude,473,10.0.0.2,1644556239,0,10.0.0.7,1644556240,0.02222991
altitude,362,10.0.0.2,1644556239,0,10.0.0.11,1644556240,0.022480011
altitude,29,10.0.0.2,1644556239,0,10.0.0.7,1644556240,0.022140026
weather,353,10.0.0.2,1644556239,0,10.0.0.7,1644556240,0.022160053
altitude,473,10.0.0.2,1644556239,0,10.0.0.11,1644556240,0.022520065
altitude,393,10.0.0.2,1644556239,0,10.0.0.7,1644556240,0.022259951
sound,238,10.0.0.2,1644556239,0,10.0.0.11,1644556240,0.022660017
sound,285,10.0.0.2,1644556239,0,10.0.0.11,1644556240,0.022840023
temperature,481,10.0.0.2,1644556239,0,10.0.0.11,1644556240,0.022890091
pressure,317,10.0.0.2,1644556239,0,10.0.0.11,1644556240,0.02290988
weather,460,10.0.0.2,1644556239,0,10.0.0.8,1644556240,0.023339987
sound,433,10.0.0.2,1644556239,0,10.0.0.11,1644556240,0.022949934
altitude,29,10.0.0.2,1644556239,0,10.0.0.11,1644556240,0.022980213
weather,353,10.0.0.2,1644556239,0,10.0.0.8,1644556240,0.022900105
weather,437,10.0.0.2,1644556239,0,10.0.0.8,1644556240,0.023080111
location,239,10.0.0.2,1644556239,0,10.0.0.11,1644556240,0.023230076
weather,344,10.0.0.2,1644556239,0,10.0.0.8,1644556240,0.023010015
weather,353,10.0.0.2,1644556239,0,10.0.0.11,1644556240,0.023590088
weather,291,10.0.0.2,1644556239,0,10.0.0.8,1644556240,0.023430109
altitude,393,10.0.0.2,1644556239,0,10.0.0.11,1644556240,0.024149895
weather,43,10.0.0.2,1644556239,0,10.0.0.8,1644556240,0.023499966
weather,20,10.0.0.2,1644556239,0,10.0.0.8,1644556240,0.023519993
weather,473,10.0.0.2,1644556239,0,10.0.0.8,1644556240,0.023509979
weather,376,10.0.0.2,1644556239,0,10.0.0.8,1644556240,0.023370028
sound,238,10.0.0.2,1644556239,0,10.0.0.10,1644556240,0.024729967
weather,326,10.0.0.2,1644556239,0,10.0.0.8,1644556240,0.022919893
sound,285,10.0.0.2,1644556239,0,10.0.0.10,1644556240,0.024860144
sound,433,10.0.0.2,1644556239,0,10.0.0.10,1644556240,0.024819851
location,239,10.0.0.2,1644556239,0,10.0.0.10,1644556240,0.024820089
weather,460,10.0.0.2,1644556239,0,10.0.0.9,1644556240,0.02560997
location,341,10.0.0.2,1644556239,0,10.0.0.10,1644556240,0.02485013
location,101,10.0.0.2,1644556239,0,10.0.0.10,1644556240,0.024869919
weather,353,10.0.0.2,1644556239,0,10.0.0.9,1644556240,0.025209904
location,467,10.0.0.2,1644556239,0,10.0.0.10,1644556240,0.024869919
weather,437,10.0.0.2,1644556239,0,10.0.0.9,1644556240,0.025180101
sound,233,10.0.0.2,1644556239,0,10.0.0.10,1644556240,0.02470994
humidity,186,10.0.0.2,1644556239,0,10.0.0.9,1644556240,0.025170088
location,9,10.0.0.2,1644556239,0,10.0.0.10,1644556240,0.024739981
weather,344,10.0.0.2,1644556239,0,10.0.0.9,1644556240,0.025179863
location,409,10.0.0.2,1644556239,0,10.0.0.10,1644556240,0.024559975
weather,291,10.0.0.2,1644556239,0,10.0.0.9,1644556240,0.025220156
humidity,215,10.0.0.2,1644556239,0,10.0.0.9,1644556240,0.025290012
weather,43,10.0.0.2,1644556239,0,10.0.0.9,1644556240,0.025130033
location,471,10.0.0.2,1644556239,0,10.0.0.10,1644556240,0.024770021
weather,20,10.0.0.2,1644556239,0,10.0.0.9,1644556240,0.025190115
location,182,10.0.0.2,1644556239,0,10.0.0.10,1644556240,0.024780035
weather,473,10.0.0.2,1644556239,0,10.0.0.9,1644556240,0.025189877
location,179,10.0.0.2,1644556239,0,10.0.0.10,1644556240,0.024649858
location,19,10.0.0.2,1644556239,0,10.0.0.10,1644556240,0.024680138
location,305,10.0.0.2,1644556239,0,10.0.0.10,1644556240,0.024290085
weather,437,10.0.0.2,1644556239,0,10.0.0.7,1644556240,0.02624011
sound,295,10.0.0.2,1644556239,0,10.0.0.10,1644556240,0.024210215
altitude,196,10.0.0.2,1644556239,0,10.0.0.7,1644556240,0.02621007
location,325,10.0.0.2,1644556239,0,10.0.0.10,1644556240,0.024230003
location,335,10.0.0.2,1644556239,0,10.0.0.10,1644556240,0.024120092
weather,344,10.0.0.2,1644556239,0,10.0.0.7,1644556240,0.026170015
location,469,10.0.0.2,1644556239,0,10.0.0.10,1644556240,0.024169922
weather,291,10.0.0.2,1644556239,0,10.0.0.7,1644556240,0.02621007
location,52,10.0.0.2,1644556239,0,10.0.0.10,1644556240,0.024180174
pressure,364,10.0.0.2,1644556239,0,10.0.0.11,1644556240,0.026719809
sound,469,10.0.0.2,1644556239,0,10.0.0.10,1644556240,0.024129868
weather,437,10.0.0.2,1644556239,0,10.0.0.11,1644556240,0.026780128
location,341,10.0.0.2,1644556239,0,10.0.0.11,1644556240,0.026819944
sound,342,10.0.0.2,1644556239,0,10.0.0.10,1644556240,0.024129868
sound,251,10.0.0.2,1644556239,0,10.0.0.10,1644556240,0.02278018
weather,376,10.0.0.2,1644556239,0,10.0.0.9,1644556240,0.062789917
weather,326,10.0.0.2,1644556239,0,10.0.0.9,1644556240,0.062649965
weather,157,10.0.0.2,1644556239,0,10.0.0.9,1644556240,0.062710047
weather,53,10.0.0.2,1644556239,0,10.0.0.9,1644556240,0.062759876
humidity,24,10.0.0.2,1644556239,0,10.0.0.9,1644556240,0.062750101
weather,487,10.0.0.2,1644556239,0,10.0.0.9,1644556240,0.062739849
weather,43,10.0.0.2,1644556239,0,10.0.0.7,1644556240,0.063979864
weather,122,10.0.0.2,1644556239,0,10.0.0.9,1644556240,0.062609911
weather,259,10.0.0.2,1644556239,0,10.0.0.9,1644556240,0.062539816
weather,20,10.0.0.2,1644556239,0,10.0.0.7,1644556240,0.064069986
weather,207,10.0.0.2,1644556239,0,10.0.0.9,1644556240,0.062540054
altitude,282,10.0.0.2,1644556239,0,10.0.0.7,1644556240,0.064120054
weather,484,10.0.0.2,1644556239,0,10.0.0.9,1644556240,0.062280178
weather,473,10.0.0.2,1644556239,0,10.0.0.7,1644556240,0.064149857
weather,494,10.0.0.2,1644556239,0,10.0.0.9,1644556240,0.062299967
altitude,392,10.0.0.2,1644556239,0,10.0.0.7,1644556240,0.064179897
weather,424,10.0.0.2,1644556239,0,10.0.0.9,1644556240,0.062330008
altitude,334,10.0.0.2,1644556239,0,10.0.0.7,1644556240,0.064210176
weather,6,10.0.0.2,1644556239,0,10.0.0.9,1644556240,0.062120199
altitude,204,10.0.0.2,1644556239,0,10.0.0.7,1644556240,0.064239979
weather,134,10.0.0.2,1644556239,0,10.0.0.9,1644556240,0.062160015
weather,376,10.0.0.2,1644556239,0,10.0.0.7,1644556240,0.064260006
weather,202,10.0.0.2,1644556239,0,10.0.0.9,1644556240,0.062099934
weather,326,10.0.0.2,1644556239,0,10.0.0.7,1644556240,0.063809872
humidity,61,10.0.0.2,1644556239,0,10.0.0.9,1644556240,0.062030077
weather,157,10.0.0.2,1644556239,0,10.0.0.7,1644556240,0.063740015
weather,78,10.0.0.2,1644556239,0,10.0.0.9,1644556240,0.062000036
weather,53,10.0.0.2,1644556239,0,10.0.0.7,1644556240,0.063769817
weather,249,10.0.0.2,1644556239,0,10.0.0.9,1644556240,0.061969995
weather,487,10.0.0.2,1644556239,0,10.0.0.7,1644556240,0.06366992
humidity,275,10.0.0.2,1644556239,0,10.0.0.9,1644556240,0.061619997
altitude,298,10.0.0.2,1644556239,0,10.0.0.7,1644556240,0.063679934
humidity,85,10.0.0.2,1644556239,0,10.0.0.9,1644556240,0.061540127
weather,122,10.0.0.2,1644556239,0,10.0.0.7,1644556240,0.063599825
weather,23,10.0.0.2,1644556239,0,10.0.0.9,1644556240,0.061429977
weather,259,10.0.0.2,1644556239,0,10.0.0.7,1644556240,0.0634799
weather,207,10.0.0.2,1644556239,0,10.0.0.7,1644556240,0.063490152
weather,484,10.0.0.2,1644556239,0,10.0.0.7,1644556240,0.063290119
weather,157,10.0.0.2,1644556239,0,10.0.0.8,1644556240,0.064249992
weather,494,10.0.0.2,1644556239,0,10.0.0.7,1644556240,0.06332016
weather,53,10.0.0.2,1644556239,0,10.0.0.8,1644556240,0.064339876
weather,424,10.0.0.2,1644556239,0,10.0.0.7,1644556240,0.063349962
weather,487,10.0.0.2,1644556239,0,10.0.0.8,1644556240,0.064249992
altitude,335,10.0.0.2,1644556239,0,10.0.0.7,1644556240,0.063290119
weather,122,10.0.0.2,1644556239,0,10.0.0.8,1644556240,0.064109802
altitude,173,10.0.0.2,1644556239,0,10.0.0.7,1644556240,0.063329935
weather,6,10.0.0.2,1644556239,0,10.0.0.7,1644556240,0.063290119
weather,259,10.0.0.2,1644556239,0,10.0.0.8,1644556240,0.063999891
altitude,90,10.0.0.2,1644556239,0,10.0.0.7,1644556240,0.063330173
weather,207,10.0.0.2,1644556239,0,10.0.0.8,1644556240,0.064130068
weather,134,10.0.0.2,1644556239,0,10.0.0.7,1644556240,0.063369989
weather,484,10.0.0.2,1644556239,0,10.0.0.8,1644556240,0.063880205
weather,202,10.0.0.2,1644556239,0,10.0.0.7,1644556240,0.063329935
weather,494,10.0.0.2,1644556239,0,10.0.0.8,1644556240,0.063980103
weather,78,10.0.0.2,1644556239,0,10.0.0.7,1644556240,0.063230038
weather,424,10.0.0.2,1644556239,0,10.0.0.8,1644556240,0.064009905
weather,249,10.0.0.2,1644556239,0,10.0.0.7,1644556240,0.063210011
weather,6,10.0.0.2,1644556239,0,10.0.0.8,1644556240,0.063800097
altitude,393,10.0.0.2,1644556239,0,10.0.0.7,1644556240,0.063169956
weather,134,10.0.0.2,1644556239,0,10.0.0.8,1644556240,0.063750029
altitude,71,10.0.0.2,1644556239,0,10.0.0.7,1644556240,0.063060045
weather,202,10.0.0.2,1644556239,0,10.0.0.8,1644556240,0.063699961
weather,23,10.0.0.2,1644556239,0,10.0.0.7,1644556240,0.062669992
weather,78,10.0.0.2,1644556239,0,10.0.0.8,1644556240,0.063529968
weather,249,10.0.0.2,1644556239,0,10.0.0.8,1644556240,0.06351018
weather,23,10.0.0.2,1644556239,0,10.0.0.8,1644556240,0.06291008
pressure,275,10.0.0.2,1644556239,0,10.0.0.11,1644556240,0.067300081
temperature,341,10.0.0.2,1644556239,0,10.0.0.11,1644556240,0.067379951
altitude,196,10.0.0.2,1644556239,0,10.0.0.11,1644556240,0.067490101
humidity,186,10.0.0.2,1644556239,0,10.0.0.11,1644556240,0.067520142
location,101,10.0.0.2,1644556239,0,10.0.0.11,1644556240,0.067559958
weather,344,10.0.0.2,1644556239,0,10.0.0.11,1644556240,0.067579985
location,467,10.0.0.2,1644556239,0,10.0.0.11,1644556240,0.067609787
weather,291,10.0.0.2,1644556239,0,10.0.0.11,1644556240,0.067640066
humidity,215,10.0.0.2,1644556239,0,10.0.0.11,1644556240,0.067660093
pressure,132,10.0.0.2,1644556239,0,10.0.0.11,1644556240,0.067689896
temperature,332,10.0.0.2,1644556239,0,10.0.0.11,1644556240,0.067719936
pressure,41,10.0.0.2,1644556239,0,10.0.0.11,1644556240,0.067730188
pressure,45,10.0.0.2,1644556239,0,10.0.0.11,1644556240,0.067770004
sound,233,10.0.0.2,1644556239,0,10.0.0.11,1644556240,0.067790031
weather,43,10.0.0.2,1644556239,0,10.0.0.11,1644556240,0.067820072
location,9,10.0.0.2,1644556239,0,10.0.0.11,1644556240,0.067839861
weather,20,10.0.0.2,1644556239,0,10.0.0.11,1644556240,0.067980051
altitude,282,10.0.0.2,1644556239,0,10.0.0.11,1644556240,0.068040133
weather,473,10.0.0.2,1644556239,0,10.0.0.11,1644556240,0.068079948
altitude,392,10.0.0.2,1644556239,0,10.0.0.11,1644556240,0.068109989
altitude,334,10.0.0.2,1644556239,0,10.0.0.11,1644556240,0.068220139
location,409,10.0.0.2,1644556239,0,10.0.0.11,1644556240,0.068269968
altitude,204,10.0.0.2,1644556239,0,10.0.0.11,1644556240,0.068310022
weather,376,10.0.0.2,1644556239,0,10.0.0.11,1644556240,0.068329811
location,471,10.0.0.2,1644556239,0,10.0.0.11,1644556240,0.06836009
pressure,326,10.0.0.2,1644556239,0,10.0.0.11,1644556240,0.068380117
pressure,330,10.0.0.2,1644556239,0,10.0.0.11,1644556240,0.06840992
location,182,10.0.0.2,1644556239,0,10.0.0.11,1644556240,0.06843996
temperature,26,10.0.0.2,1644556239,0,10.0.0.11,1644556240,0.068459988
pressure,417,10.0.0.2,1644556239,0,10.0.0.11,1644556240,0.06855011
pressure,473,10.0.0.2,1644556239,0,10.0.0.11,1644556240,0.068760157
location,179,10.0.0.2,1644556239,0,10.0.0.11,1644556240,0.068799973
location,19,10.0.0.2,1644556239,0,10.0.0.11,1644556240,0.069300175
weather,326,10.0.0.2,1644556239,0,10.0.0.11,1644556240,0.069329977
temperature,476,10.0.0.2,1644556239,0,10.0.0.11,1644556240,0.069390059
temperature,25,10.0.0.2,1644556239,0,10.0.0.11,1644556240,0.069440126
weather,157,10.0.0.2,1644556239,0,10.0.0.11,1644556240,0.069479942
weather,53,10.0.0.2,1644556239,0,10.0.0.11,1644556240,0.069569826
pressure,18,10.0.0.2,1644556239,0,10.0.0.11,1644556240,0.069650173
humidity,24,10.0.0.2,1644556239,0,10.0.0.11,1644556240,0.069700003
weather,487,10.0.0.2,1644556239,0,10.0.0.11,1644556240,0.069700003
altitude,298,10.0.0.2,1644556239,0,10.0.0.11,1644556240,0.069719791
location,305,10.0.0.2,1644556239,0,10.0.0.11,1644556240,0.069820166
pressure,442,10.0.0.2,1644556239,0,10.0.0.11,1644556240,0.069869995
pressure,445,10.0.0.2,1644556239,0,10.0.0.11,1644556240,0.069910049
weather,122,10.0.0.2,1644556239,0,10.0.0.11,1644556240,0.069999933
sound,295,10.0.0.2,1644556239,0,10.0.0.11,1644556240,0.070039988
location,325,10.0.0.2,1644556239,0,10.0.0.11,1644556240,0.070080042
weather,259,10.0.0.2,1644556239,0,10.0.0.11,1644556240,0.070060015
weather,207,10.0.0.2,1644556239,0,10.0.0.11,1644556240,0.070070028
location,335,10.0.0.2,1644556239,0,10.0.0.11,1644556240,0.070120096
location,469,10.0.0.2,1644556239,0,10.0.0.11,1644556240,0.070139885
location,52,10.0.0.2,1644556239,0,10.0.0.11,1644556240,0.070190191
temperature,16,10.0.0.2,1644556239,0,10.0.0.11,1644556240,0.070219994
temperature,88,10.0.0.2,1644556239,0,10.0.0.11,1644556240,0.070260048
sound,469,10.0.0.2,1644556239,0,10.0.0.11,1644556240,0.070299864
weather,484,10.0.0.2,1644556239,0,10.0.0.11,1644556240,0.070330143
weather,494,10.0.0.2,1644556239,0,10.0.0.11,1644556240,0.070369959
weather,424,10.0.0.2,1644556239,0,10.0.0.11,1644556240,0.0704
sound,342,10.0.0.2,1644556239,0,10.0.0.11,1644556240,0.070440054
pressure,396,10.0.0.2,1644556239,0,10.0.0.11,1644556240,0.070489883
altitude,335,10.0.0.2,1644556239,0,10.0.0.11,1644556240,0.070510149
altitude,173,10.0.0.2,1644556239,0,10.0.0.11,1644556240,0.070559978
temperature,195,10.0.0.2,1644556239,0,10.0.0.11,1644556240,0.070600033
temperature,63,10.0.0.2,1644556239,0,10.0.0.11,1644556240,0.070629835
weather,6,10.0.0.2,1644556239,0,10.0.0.11,1644556240,0.070670128
altitude,90,10.0.0.2,1644556239,0,10.0.0.11,1644556240,0.070899963
temperature,66,10.0.0.2,1644556239,0,10.0.0.11,1644556240,0.070940018
weather,134,10.0.0.2,1644556239,0,10.0.0.11,1644556240,0.070989847
temperature,266,10.0.0.2,1644556239,0,10.0.0.11,1644556240,0.071050167
weather,202,10.0.0.2,1644556239,0,10.0.0.11,1644556240,0.071089983
humidity,61,10.0.0.2,1644556239,0,10.0.0.11,1644556240,0.07103014
weather,78,10.0.0.2,1644556239,0,10.0.0.11,1644556240,0.071009874
weather,249,10.0.0.2,1644556239,0,10.0.0.11,1644556240,0.071000099
temperature,140,10.0.0.2,1644556239,0,10.0.0.11,1644556240,0.07118988
altitude,393,10.0.0.2,1644556239,0,10.0.0.11,1644556240,0.071229935
altitude,71,10.0.0.2,1644556239,0,10.0.0.11,1644556240,0.071139812
humidity,275,10.0.0.2,1644556239,0,10.0.0.11,1644556240,0.071089983
humidity,85,10.0.0.2,1644556239,0,10.0.0.11,1644556240,0.071010113
temperature,380,10.0.0.2,1644556239,0,10.0.0.11,1644556240,0.071009874
sound,251,10.0.0.2,1644556239,0,10.0.0.11,1644556240,0.07103014
weather,23,10.0.0.2,1644556239,0,10.0.0.11,1644556240,0.071059942
pressure,407,10.0.0.2,1644556239,0,10.0.0.11,1644556240,0.071089983
weather,293,10.0.0.5,1644556240,0,10.0.0.8,1644556240,0.022379875
weather,293,10.0.0.5,1644556240,0,10.0.0.7,1644556240,0.022349834
sound,10,10.0.0.5,1644556240,0,10.0.0.10,1644556240,0.022330046
weather,293,10.0.0.5,1644556240,0,10.0.0.11,1644556240,0.02339983
pressure,395,10.0.0.5,1644556240,0,10.0.0.11,1644556240,0.023379803
weather,159,10.0.0.5,1644556240,0,10.0.0.8,1644556240,0.023660183
weather,157,10.0.0.5,1644556240,0,10.0.0.8,1644556240,0.023489952
weather,159,10.0.0.5,1644556240,0,10.0.0.7,1644556240,0.023960114
weather,490,10.0.0.5,1644556240,0,10.0.0.8,1644556240,0.023370028
weather,304,10.0.0.5,1644556240,0,10.0.0.8,1644556240,0.023360014
weather,157,10.0.0.5,1644556240,0,10.0.0.7,1644556240,0.023679972
weather,103,10.0.0.5,1644556240,0,10.0.0.8,1644556240,0.022940159
light,403,10.0.0.5,1644556240,0,10.0.0.7,1644556240,0.02373004
weather,316,10.0.0.5,1644556240,0,10.0.0.8,1644556240,0.022969961
light,429,10.0.0.5,1644556240,0,10.0.0.7,1644556240,0.023720026
weather,494,10.0.0.5,1644556240,0,10.0.0.8,1644556240,0.023000002
weather,490,10.0.0.5,1644556240,0,10.0.0.7,1644556240,0.023659945
weather,206,10.0.0.5,1644556240,0,10.0.0.8,1644556240,0.022779942
weather,304,10.0.0.5,1644556240,0,10.0.0.7,1644556240,0.023640156
light,60,10.0.0.5,1644556240,0,10.0.0.7,1644556240,0.023669958
weather,293,10.0.0.5,1644556240,0,10.0.0.9,1644556240,0.024629831
light,375,10.0.0.5,1644556240,0,10.0.0.7,1644556240,0.023639917
weather,159,10.0.0.5,1644556240,0,10.0.0.9,1644556240,0.024510145
light,428,10.0.0.5,1644556240,0,10.0.0.7,1644556240,0.023640156
weather,157,10.0.0.5,1644556240,0,10.0.0.9,1644556240,0.024189949
light,323,10.0.0.5,1644556240,0,10.0.0.7,1644556240,0.023639917
weather,490,10.0.0.5,1644556240,0,10.0.0.9,1644556240,0.024019957
weather,103,10.0.0.5,1644556240,0,10.0.0.7,1644556240,0.023450136
weather,316,10.0.0.5,1644556240,0,10.0.0.7,1644556240,0.023480177
weather,494,10.0.0.5,1644556240,0,10.0.0.7,1644556240,0.023550034
weather,304,10.0.0.5,1644556240,0,10.0.0.9,1644556240,0.024100065
weather,206,10.0.0.5,1644556240,0,10.0.0.7,1644556240,0.02335
weather,103,10.0.0.5,1644556240,0,10.0.0.9,1644556240,0.02368021
light,446,10.0.0.5,1644556240,0,10.0.0.7,1644556240,0.023370028
weather,316,10.0.0.5,1644556240,0,10.0.0.9,1644556240,0.023710012
weather,494,10.0.0.5,1644556240,0,10.0.0.9,1644556240,0.023790121
sound,444,10.0.0.5,1644556240,0,10.0.0.10,1644556240,0.022310019
weather,206,10.0.0.5,1644556240,0,10.0.0.9,1644556240,0.023609877
sound,31,10.0.0.5,1644556240,0,10.0.0.10,1644556240,0.024620056
weather,8,10.0.0.5,1644556240,0,10.0.0.9,1644556240,0.02327013
sound,48,10.0.0.5,1644556240,0,10.0.0.10,1644556240,0.024569988
sound,206,10.0.0.5,1644556240,0,10.0.0.10,1644556240,0.024529934
weather,159,10.0.0.5,1644556240,0,10.0.0.11,1644556240,0.025460005
sound,354,10.0.0.5,1644556240,0,10.0.0.10,1644556240,0.024480104
sound,10,10.0.0.5,1644556240,0,10.0.0.11,1644556240,0.025210142
sound,21,10.0.0.5,1644556240,0,10.0.0.10,1644556240,0.024410009
sound,248,10.0.0.5,1644556240,0,10.0.0.10,1644556240,0.024039984
sound,359,10.0.0.5,1644556240,0,10.0.0.10,1644556240,0.023849964
weather,157,10.0.0.5,1644556240,0,10.0.0.11,1644556240,0.025219917
light,403,10.0.0.5,1644556240,0,10.0.0.11,1644556240,0.025349855
pressure,251,10.0.0.5,1644556240,0,10.0.0.11,1644556240,0.025369883
light,429,10.0.0.5,1644556240,0,10.0.0.11,1644556240,0.025390148
sound,444,10.0.0.5,1644556240,0,10.0.0.11,1644556240,0.025460005
temperature,70,10.0.0.5,1644556240,0,10.0.0.11,1644556240,0.025490046
sound,31,10.0.0.5,1644556240,0,10.0.0.11,1644556240,0.025520086
weather,490,10.0.0.5,1644556240,0,10.0.0.11,1644556240,0.025549889
temperature,202,10.0.0.5,1644556240,0,10.0.0.11,1644556240,0.025569916
weather,304,10.0.0.5,1644556240,0,10.0.0.11,1644556240,0.025590181
light,60,10.0.0.5,1644556240,0,10.0.0.11,1644556240,0.02560997
temperature,79,10.0.0.5,1644556240,0,10.0.0.11,1644556240,0.025640011
sound,48,10.0.0.5,1644556240,0,10.0.0.11,1644556240,0.025670052
light,375,10.0.0.5,1644556240,0,10.0.0.11,1644556240,0.02568984
pressure,12,10.0.0.5,1644556240,0,10.0.0.11,1644556240,0.025730133
light,428,10.0.0.5,1644556240,0,10.0.0.11,1644556240,0.02575016
sound,206,10.0.0.5,1644556240,0,10.0.0.11,1644556240,0.025769949
light,323,10.0.0.5,1644556240,0,10.0.0.11,1644556240,0.02579999
pressure,93,10.0.0.5,1644556240,0,10.0.0.11,1644556240,0.025839806
sound,263,10.0.0.5,1644556240,0,10.0.0.10,1644556240,0.024859905
sound,354,10.0.0.5,1644556240,0,10.0.0.11,1644556240,0.025870085
sound,425,10.0.0.5,1644556240,0,10.0.0.10,1644556240,0.024879932
pressure,324,10.0.0.5,1644556240,0,10.0.0.11,1644556240,0.025959969
sound,266,10.0.0.5,1644556240,0,10.0.0.10,1644556240,0.024719954
temperature,342,10.0.0.5,1644556240,0,10.0.0.11,1644556240,0.026060104
sound,115,10.0.0.5,1644556240,0,10.0.0.10,1644556240,0.024539948
pressure,462,10.0.0.5,1644556240,0,10.0.0.11,1644556240,0.02609992
sound,304,10.0.0.5,1644556240,0,10.0.0.10,1644556240,0.024430037
sound,21,10.0.0.5,1644556240,0,10.0.0.11,1644556240,0.026129961
sound,34,10.0.0.5,1644556240,0,10.0.0.10,1644556240,0.02402997
weather,103,10.0.0.5,1644556240,0,10.0.0.11,1644556240,0.026160002
sound,483,10.0.0.5,1644556240,0,10.0.0.10,1644556240,0.024049997
weather,316,10.0.0.5,1644556240,0,10.0.0.11,1644556240,0.026190042
sound,180,10.0.0.5,1644556240,0,10.0.0.10,1644556240,0.023890018
weather,494,10.0.0.5,1644556240,0,10.0.0.11,1644556240,0.026220083
sound,312,10.0.0.5,1644556240,0,10.0.0.10,1644556240,0.023800135
pressure,55,10.0.0.5,1644556240,0,10.0.0.11,1644556240,0.026249886
pressure,167,10.0.0.5,1644556240,0,10.0.0.11,1644556240,0.026279926
weather,8,10.0.0.5,1644556240,0,10.0.0.7,1644556240,0.026050091
light,144,10.0.0.5,1644556240,0,10.0.0.7,1644556240,0.026149988
weather,8,10.0.0.5,1644556240,0,10.0.0.8,1644556240,0.026170015
light,292,10.0.0.5,1644556240,0,10.0.0.7,1644556240,0.026229858
weather,377,10.0.0.5,1644556240,0,10.0.0.8,1644556240,0.026190042
weather,377,10.0.0.5,1644556240,0,10.0.0.7,1644556240,0.026220083
weather,332,10.0.0.5,1644556240,0,10.0.0.8,1644556240,0.025740147
light,132,10.0.0.5,1644556240,0,10.0.0.7,1644556240,0.026250124
weather,400,10.0.0.5,1644556240,0,10.0.0.8,1644556240,0.025259972
light,260,10.0.0.5,1644556240,0,10.0.0.7,1644556240,0.026119947
weather,259,10.0.0.5,1644556240,0,10.0.0.8,1644556240,0.025249958
light,46,10.0.0.5,1644556240,0,10.0.0.7,1644556240,0.025909901
weather,354,10.0.0.5,1644556240,0,10.0.0.8,1644556240,0.025089979
weather,352,10.0.0.5,1644556240,0,10.0.0.8,1644556240,0.024940014
weather,368,10.0.0.5,1644556240,0,10.0.0.8,1644556240,0.02493
weather,77,10.0.0.5,1644556240,0,10.0.0.8,1644556240,0.024780035
weather,99,10.0.0.5,1644556240,0,10.0.0.8,1644556240,0.024760008
weather,377,10.0.0.5,1644556240,0,10.0.0.9,1644556240,0.026790142
weather,332,10.0.0.5,1644556240,0,10.0.0.9,1644556240,0.026360035
weather,400,10.0.0.5,1644556240,0,10.0.0.9,1644556240,0.025890112
weather,259,10.0.0.5,1644556240,0,10.0.0.9,1644556240,0.025880098
weather,354,10.0.0.5,1644556240,0,10.0.0.9,1644556240,0.025719881
weather,352,10.0.0.5,1644556240,0,10.0.0.9,1644556240,0.025570154
weather,368,10.0.0.5,1644556240,0,10.0.0.9,1644556240,0.025550127
weather,77,10.0.0.5,1644556240,0,10.0.0.9,1644556240,0.025409937
weather,99,10.0.0.5,1644556240,0,10.0.0.9,1644556240,0.025390148
temperature,367,10.0.0.5,1644556240,0,10.0.0.11,1644556240,0.026190042
weather,206,10.0.0.5,1644556240,0,10.0.0.11,1644556240,0.028019905
light,446,10.0.0.5,1644556240,0,10.0.0.11,1644556240,0.028070211
sound,248,10.0.0.5,1644556240,0,10.0.0.11,1644556240,0.028110027
pressure,484,10.0.0.5,1644556240,0,10.0.0.11,1644556240,0.028079987
temperature,177,10.0.0.5,1644556240,0,10.0.0.11,1644556240,0.028110027
temperature,25,10.0.0.5,1644556240,0,10.0.0.11,1644556240,0.028150082
temperature,272,10.0.0.5,1644556240,0,10.0.0.11,1644556240,0.028179884
sound,359,10.0.0.5,1644556240,0,10.0.0.11,1644556240,0.028219938
pressure,392,10.0.0.5,1644556240,0,10.0.0.11,1644556240,0.028249979
weather,8,10.0.0.5,1644556240,0,10.0.0.11,1644556240,0.028340101
light,144,10.0.0.5,1644556240,0,10.0.0.11,1644556240,0.028490067
light,292,10.0.0.5,1644556240,0,10.0.0.11,1644556240,0.028559923
sound,263,10.0.0.5,1644556240,0,10.0.0.11,1644556240,0.028859854
weather,377,10.0.0.5,1644556240,0,10.0.0.11,1644556240,0.06133008
weather,332,10.0.0.5,1644556240,0,10.0.0.7,1644556240,0.060930014
light,132,10.0.0.5,1644556240,0,10.0.0.11,1644556240,0.061870098
light,119,10.0.0.5,1644556240,0,10.0.0.7,1644556240,0.061349869
light,89,10.0.0.5,1644556240,0,10.0.0.7,1644556240,0.061370134
sound,425,10.0.0.5,1644556240,0,10.0.0.11,1644556240,0.062030077
light,492,10.0.0.5,1644556240,0,10.0.0.7,1644556240,0.061149836
weather,400,10.0.0.5,1644556240,0,10.0.0.7,1644556240,0.061160088
weather,259,10.0.0.5,1644556240,0,10.0.0.7,1644556240,0.061160088
temperature,40,10.0.0.5,1644556240,0,10.0.0.11,1644556240,0.062150002
light,159,10.0.0.5,1644556240,0,10.0.0.7,1644556240,0.061079979
weather,354,10.0.0.5,1644556240,0,10.0.0.7,1644556240,0.061069965
light,144,10.0.0.5,1644556240,0,10.0.0.7,1644556240,0.061069965
pressure,392,10.0.0.5,1644556240,0,10.0.0.11,1644556240,0.062299967
light,257,10.0.0.5,1644556240,0,10.0.0.7,1644556240,0.061019897
weather,352,10.0.0.5,1644556240,0,10.0.0.7,1644556240,0.06106019
pressure,209,10.0.0.5,1644556240,0,10.0.0.11,1644556240,0.062440157
weather,368,10.0.0.5,1644556240,0,10.0.0.7,1644556240,0.061049938
weather,77,10.0.0.5,1644556240,0,10.0.0.7,1644556240,0.06092
light,463,10.0.0.5,1644556240,0,10.0.0.7,1644556240,0.060940027
light,260,10.0.0.5,1644556240,0,10.0.0.11,1644556240,0.062600136
weather,99,10.0.0.5,1644556240,0,10.0.0.7,1644556240,0.060970068
pressure,128,10.0.0.5,1644556240,0,10.0.0.11,1644556240,0.06272006
temperature,312,10.0.0.5,1644556240,0,10.0.0.11,1644556240,0.062779903
sound,266,10.0.0.5,1644556240,0,10.0.0.11,1644556240,0.062829971
pressure,165,10.0.0.5,1644556240,0,10.0.0.11,1644556240,0.062860012
temperature,290,10.0.0.5,1644556240,0,10.0.0.11,1644556240,0.06291008
temperature,471,10.0.0.5,1644556240,0,10.0.0.11,1644556240,0.062949896
pressure,374,10.0.0.5,1644556240,0,10.0.0.11,1644556240,0.06298995
light,46,10.0.0.5,1644556240,0,10.0.0.11,1644556240,0.063019991
weather,332,10.0.0.5,1644556240,0,10.0.0.11,1644556240,0.063070059
sound,115,10.0.0.5,1644556240,0,10.0.0.11,1644556240,0.0631001
temperature,318,10.0.0.5,1644556240,0,10.0.0.11,1644556240,0.063149929
light,119,10.0.0.5,1644556240,0,10.0.0.11,1644556240,0.063189983
temperature,123,10.0.0.5,1644556240,0,10.0.0.11,1644556240,0.063219786
light,89,10.0.0.5,1644556240,0,10.0.0.11,1644556240,0.063260078
sound,304,10.0.0.5,1644556240,0,10.0.0.11,1644556240,0.063300133
pressure,6,10.0.0.5,1644556240,0,10.0.0.11,1644556240,0.063329935
temperature,59,10.0.0.5,1644556240,0,10.0.0.11,1644556240,0.06344986
pressure,121,10.0.0.5,1644556240,0,10.0.0.11,1644556240,0.063500166
pressure,240,10.0.0.5,1644556240,0,10.0.0.11,1644556240,0.063549995
pressure,216,10.0.0.5,1644556240,0,10.0.0.11,1644556240,0.063600063
temperature,277,10.0.0.5,1644556240,0,10.0.0.11,1644556240,0.063639879
light,492,10.0.0.5,1644556240,0,10.0.0.11,1644556240,0.06366992
temperature,91,10.0.0.5,1644556240,0,10.0.0.11,1644556240,0.063709974
weather,400,10.0.0.5,1644556240,0,10.0.0.11,1644556240,0.063750029
temperature,116,10.0.0.5,1644556240,0,10.0.0.11,1644556240,0.063780069
weather,259,10.0.0.5,1644556240,0,10.0.0.11,1644556240,0.063829899
pressure,6,10.0.0.5,1644556240,0,10.0.0.11,1644556240,0.063869953
sound,34,10.0.0.5,1644556240,0,10.0.0.11,1644556240,0.063899994
sound,483,10.0.0.5,1644556240,0,10.0.0.11,1644556240,0.063930035
light,159,10.0.0.5,1644556240,0,10.0.0.11,1644556240,0.063970089
temperature,61,10.0.0.5,1644556240,0,10.0.0.11,1644556240,0.064009905
weather,354,10.0.0.5,1644556240,0,10.0.0.11,1644556240,0.064039946
temperature,201,10.0.0.5,1644556240,0,10.0.0.11,1644556240,0.064070225
light,144,10.0.0.5,1644556240,0,10.0.0.11,1644556240,0.064110041
sound,180,10.0.0.5,1644556240,0,10.0.0.11,1644556240,0.064150095
pressure,199,10.0.0.5,1644556240,0,10.0.0.11,1644556240,0.064189911
light,257,10.0.0.5,1644556240,0,10.0.0.11,1644556240,0.064219952
weather,352,10.0.0.5,1644556240,0,10.0.0.11,1644556240,0.064390182
sound,312,10.0.0.5,1644556240,0,10.0.0.11,1644556240,0.064440012
weather,368,10.0.0.5,1644556240,0,10.0.0.11,1644556240,0.06449008
temperature,383,10.0.0.5,1644556240,0,10.0.0.11,1644556240,0.064450026
pressure,333,10.0.0.5,1644556240,0,10.0.0.11,1644556240,0.064480066
weather,77,10.0.0.5,1644556240,0,10.0.0.11,1644556240,0.064549923
light,463,10.0.0.5,1644556240,0,10.0.0.11,1644556240,0.064589977
weather,99,10.0.0.5,1644556240,0,10.0.0.11,1644556240,0.064620018
pressure,247,10.0.0.5,1644556240,0,10.0.0.11,1644556240,0.064660072
weather,220,10.0.0.6,1644556240,0,10.0.0.7,1644556240,0.026429892
weather,220,10.0.0.6,1644556240,0,10.0.0.9,1644556240,0.026389837
altitude,267,10.0.0.6,1644556240,0,10.0.0.7,1644556240,0.026360035
weather,370,10.0.0.6,1644556240,0,10.0.0.9,1644556240,0.026299953
weather,370,10.0.0.6,1644556240,0,10.0.0.7,1644556240,0.026370049
weather,180,10.0.0.6,1644556240,0,10.0.0.9,1644556240,0.026340008
weather,180,10.0.0.6,1644556240,0,10.0.0.7,1644556240,0.026399851
weather,144,10.0.0.6,1644556240,0,10.0.0.9,1644556240,0.025820017
altitude,138,10.0.0.6,1644556240,0,10.0.0.7,1644556240,0.026390076
weather,246,10.0.0.6,1644556240,0,10.0.0.9,1644556240,0.025779963
weather,128,10.0.0.6,1644556240,0,10.0.0.9,1644556240,0.025699854
altitude,474,10.0.0.6,1644556240,0,10.0.0.7,1644556240,0.026449919
weather,221,10.0.0.6,1644556240,0,10.0.0.9,1644556240,0.025690079
altitude,499,10.0.0.6,1644556240,0,10.0.0.7,1644556240,0.026479959
weather,454,10.0.0.6,1644556240,0,10.0.0.9,1644556240,0.025560141
altitude,45,10.0.0.6,1644556240,0,10.0.0.7,1644556240,0.026429892
weather,78,10.0.0.6,1644556240,0,10.0.0.9,1644556240,0.025539875
altitude,323,10.0.0.6,1644556240,0,10.0.0.7,1644556240,0.026469946
weather,303,10.0.0.6,1644556240,0,10.0.0.9,1644556240,0.025560141
altitude,172,10.0.0.6,1644556240,0,10.0.0.7,1644556240,0.026309967
weather,205,10.0.0.6,1644556240,0,10.0.0.9,1644556240,0.025579929
weather,144,10.0.0.6,1644556240,0,10.0.0.7,1644556240,0.026329994
weather,142,10.0.0.6,1644556240,0,10.0.0.9,1644556240,0.025510073
weather,246,10.0.0.6,1644556240,0,10.0.0.7,1644556240,0.02628994
weather,464,10.0.0.6,1644556240,0,10.0.0.9,1644556240,0.025249958
weather,368,10.0.0.6,1644556240,0,10.0.0.9,1644556240,0.025230169
weather,188,10.0.0.6,1644556240,0,10.0.0.9,1644556240,0.024879932
sound,145,10.0.0.6,1644556240,0,10.0.0.10,1644556240,0.027299881
weather,442,10.0.0.6,1644556240,0,10.0.0.9,1644556240,0.024640083
sound,466,10.0.0.6,1644556240,0,10.0.0.10,1644556240,0.027359962
weather,98,10.0.0.6,1644556240,0,10.0.0.9,1644556240,0.024000168
sound,126,10.0.0.6,1644556240,0,10.0.0.10,1644556240,0.027349949
weather,209,10.0.0.6,1644556240,0,10.0.0.9,1644556240,0.023519993
sound,9,10.0.0.6,1644556240,0,10.0.0.10,1644556240,0.026930094
weather,350,10.0.0.6,1644556240,0,10.0.0.9,1644556240,0.023400068
sound,465,10.0.0.6,1644556240,0,10.0.0.10,1644556240,0.026950121
weather,213,10.0.0.6,1644556240,0,10.0.0.9,1644556240,0.023370028
sound,191,10.0.0.6,1644556240,0,10.0.0.10,1644556240,0.026939869
weather,105,10.0.0.6,1644556240,0,10.0.0.9,1644556240,0.022969961
sound,82,10.0.0.6,1644556240,0,10.0.0.10,1644556240,0.026900053
sound,129,10.0.0.6,1644556240,0,10.0.0.10,1644556240,0.026919842
weather,220,10.0.0.6,1644556240,0,10.0.0.8,1644556240,0.028019905
sound,423,10.0.0.6,1644556240,0,10.0.0.10,1644556240,0.026849985
weather,370,10.0.0.6,1644556240,0,10.0.0.8,1644556240,0.027810097
sound,147,10.0.0.6,1644556240,0,10.0.0.10,1644556240,0.026769876
weather,180,10.0.0.6,1644556240,0,10.0.0.8,1644556240,0.027839899
sound,484,10.0.0.6,1644556240,0,10.0.0.10,1644556240,0.026489973
weather,144,10.0.0.6,1644556240,0,10.0.0.8,1644556240,0.027310133
sound,223,10.0.0.6,1644556240,0,10.0.0.10,1644556240,0.026390076
weather,246,10.0.0.6,1644556240,0,10.0.0.8,1644556240,0.02726984
sound,373,10.0.0.6,1644556240,0,10.0.0.10,1644556240,0.026419878
weather,128,10.0.0.6,1644556240,0,10.0.0.8,1644556240,0.027119875
sound,44,10.0.0.6,1644556240,0,10.0.0.10,1644556240,0.026340008
weather,221,10.0.0.6,1644556240,0,10.0.0.8,1644556240,0.0271101
sound,465,10.0.0.6,1644556240,0,10.0.0.10,1644556240,0.025710106
weather,454,10.0.0.6,1644556240,0,10.0.0.8,1644556240,0.026979923
sound,76,10.0.0.6,1644556240,0,10.0.0.10,1644556240,0.024829865
weather,78,10.0.0.6,1644556240,0,10.0.0.8,1644556240,0.026959896
sound,85,10.0.0.6,1644556240,0,10.0.0.10,1644556240,0.024650097
weather,303,10.0.0.6,1644556240,0,10.0.0.8,1644556240,0.026970148
sound,399,10.0.0.6,1644556240,0,10.0.0.10,1644556240,0.02463007
weather,205,10.0.0.6,1644556240,0,10.0.0.8,1644556240,0.026989937
sound,228,10.0.0.6,1644556240,0,10.0.0.10,1644556240,0.024459839
weather,142,10.0.0.6,1644556240,0,10.0.0.8,1644556240,0.02692008
sound,379,10.0.0.6,1644556240,0,10.0.0.10,1644556240,0.024450064
weather,464,10.0.0.6,1644556240,0,10.0.0.8,1644556240,0.026659966
sound,219,10.0.0.6,1644556240,0,10.0.0.10,1644556240,0.02444005
weather,368,10.0.0.6,1644556240,0,10.0.0.8,1644556240,0.026649952
sound,311,10.0.0.6,1644556240,0,10.0.0.10,1644556240,0.024179935
weather,188,10.0.0.6,1644556240,0,10.0.0.8,1644556240,0.02628994
sound,42,10.0.0.6,1644556240,0,10.0.0.10,1644556240,0.024090052
weather,442,10.0.0.6,1644556240,0,10.0.0.8,1644556240,0.026050091
weather,98,10.0.0.6,1644556240,0,10.0.0.8,1644556240,0.02541995
weather,209,10.0.0.6,1644556240,0,10.0.0.8,1644556240,0.024940014
weather,350,10.0.0.6,1644556240,0,10.0.0.8,1644556240,0.024820089
weather,220,10.0.0.6,1644556240,0,10.0.0.11,1644556240,0.029119968
weather,213,10.0.0.6,1644556240,0,10.0.0.8,1644556240,0.024799824
sound,145,10.0.0.6,1644556240,0,10.0.0.11,1644556240,0.029069901
sound,466,10.0.0.6,1644556240,0,10.0.0.11,1644556240,0.029089928
weather,105,10.0.0.6,1644556240,0,10.0.0.8,1644556240,0.024399996
altitude,267,10.0.0.6,1644556240,0,10.0.0.11,1644556240,0.029119968
sound,126,10.0.0.6,1644556240,0,10.0.0.11,1644556240,0.029150009
weather,370,10.0.0.6,1644556240,0,10.0.0.11,1644556240,0.029170036
weather,180,10.0.0.6,1644556240,0,10.0.0.11,1644556240,0.029229879
temperature,155,10.0.0.6,1644556240,0,10.0.0.11,1644556240,0.029269934
altitude,138,10.0.0.6,1644556240,0,10.0.0.11,1644556240,0.029330015
altitude,474,10.0.0.6,1644556240,0,10.0.0.11,1644556240,0.029309988
altitude,499,10.0.0.6,1644556240,0,10.0.0.11,1644556240,0.029330015
temperature,282,10.0.0.6,1644556240,0,10.0.0.11,1644556240,0.029330015
altitude,45,10.0.0.6,1644556240,0,10.0.0.11,1644556240,0.029340029
altitude,323,10.0.0.6,1644556240,0,10.0.0.11,1644556240,0.02937007
sound,9,10.0.0.6,1644556240,0,10.0.0.11,1644556240,0.029350042
sound,465,10.0.0.6,1644556240,0,10.0.0.11,1644556240,0.029380083
temperature,207,10.0.0.6,1644556240,0,10.0.0.11,1644556240,0.029409885
sound,191,10.0.0.6,1644556240,0,10.0.0.11,1644556240,0.029429913
altitude,172,10.0.0.6,1644556240,0,10.0.0.11,1644556240,0.02944994
weather,144,10.0.0.6,1644556240,0,10.0.0.11,1644556240,0.029469967
sound,82,10.0.0.6,1644556240,0,10.0.0.11,1644556240,0.029500008
altitude,413,10.0.0.6,1644556240,0,10.0.0.7,1644556240,0.078360081
temperature,146,10.0.0.6,1644556240,0,10.0.0.11,1644556240,0.078490019
weather,128,10.0.0.6,1644556240,0,10.0.0.7,1644556240,0.078419924
weather,246,10.0.0.6,1644556240,0,10.0.0.11,1644556240,0.078629971
weather,221,10.0.0.6,1644556240,0,10.0.0.7,1644556240,0.078459978
sound,129,10.0.0.6,1644556240,0,10.0.0.11,1644556240,0.078709841
altitude,148,10.0.0.6,1644556240,0,10.0.0.7,1644556240,0.078459978
altitude,413,10.0.0.6,1644556240,0,10.0.0.11,1644556240,0.078800201
weather,454,10.0.0.6,1644556240,0,10.0.0.7,1644556240,0.078469992
temperature,279,10.0.0.6,1644556240,0,10.0.0.11,1644556240,0.078840017
weather,78,10.0.0.6,1644556240,0,10.0.0.7,1644556240,0.078469992
temperature,156,10.0.0.6,1644556240,0,10.0.0.11,1644556240,0.078910112
weather,303,10.0.0.6,1644556240,0,10.0.0.7,1644556240,0.078500032
sound,423,10.0.0.6,1644556240,0,10.0.0.11,1644556240,0.078949928
weather,205,10.0.0.6,1644556240,0,10.0.0.7,1644556240,0.07852006
weather,128,10.0.0.6,1644556240,0,10.0.0.11,1644556240,0.079019785
altitude,267,10.0.0.6,1644556240,0,10.0.0.7,1644556240,0.078549862
temperature,287,10.0.0.6,1644556240,0,10.0.0.11,1644556240,0.079050064
weather,142,10.0.0.6,1644556240,0,10.0.0.7,1644556240,0.0785501
weather,221,10.0.0.6,1644556240,0,10.0.0.11,1644556240,0.079100132
altitude,90,10.0.0.6,1644556240,0,10.0.0.7,1644556240,0.078609943
sound,147,10.0.0.6,1644556240,0,10.0.0.11,1644556240,0.079159975
altitude,44,10.0.0.6,1644556240,0,10.0.0.7,1644556240,0.078459978
altitude,148,10.0.0.6,1644556240,0,10.0.0.11,1644556240,0.079210043
weather,464,10.0.0.6,1644556240,0,10.0.0.7,1644556240,0.078490019
temperature,200,10.0.0.6,1644556240,0,10.0.0.11,1644556240,0.079290152
weather,368,10.0.0.6,1644556240,0,10.0.0.7,1644556240,0.078570127
weather,454,10.0.0.6,1644556240,0,10.0.0.11,1644556240,0.079339981
altitude,471,10.0.0.6,1644556240,0,10.0.0.7,1644556240,0.078639984
temperature,387,10.0.0.6,1644556240,0,10.0.0.11,1644556240,0.079370022
altitude,190,10.0.0.6,1644556240,0,10.0.0.7,1644556240,0.078560114
weather,78,10.0.0.6,1644556240,0,10.0.0.11,1644556240,0.079389811
altitude,279,10.0.0.6,1644556240,0,10.0.0.7,1644556240,0.078539848
weather,303,10.0.0.6,1644556240,0,10.0.0.11,1644556240,0.07942009
altitude,101,10.0.0.6,1644556240,0,10.0.0.7,1644556240,0.0785501
weather,205,10.0.0.6,1644556240,0,10.0.0.11,1644556240,0.079440117
weather,188,10.0.0.6,1644556240,0,10.0.0.7,1644556240,0.078530073
sound,484,10.0.0.6,1644556240,0,10.0.0.11,1644556240,0.079469919
altitude,422,10.0.0.6,1644556240,0,10.0.0.7,1644556240,0.078559875
altitude,267,10.0.0.6,1644556240,0,10.0.0.11,1644556240,0.079489946
altitude,297,10.0.0.6,1644556240,0,10.0.0.7,1644556240,0.078579903
temperature,155,10.0.0.6,1644556240,0,10.0.0.11,1644556240,0.079519987
weather,442,10.0.0.6,1644556240,0,10.0.0.7,1644556240,0.078410149
weather,142,10.0.0.6,1644556240,0,10.0.0.11,1644556240,0.079550028
weather,98,10.0.0.6,1644556240,0,10.0.0.7,1644556240,0.077769995
altitude,90,10.0.0.6,1644556240,0,10.0.0.11,1644556240,0.079570055
altitude,353,10.0.0.6,1644556240,0,10.0.0.7,1644556240,0.077790022
sound,223,10.0.0.6,1644556240,0,10.0.0.11,1644556240,0.079600096
altitude,4,10.0.0.6,1644556240,0,10.0.0.7,1644556240,0.077670097
sound,373,10.0.0.6,1644556240,0,10.0.0.11,1644556240,0.079619884
altitude,67,10.0.0.6,1644556240,0,10.0.0.7,1644556240,0.077469826
temperature,69,10.0.0.6,1644556240,0,10.0.0.11,1644556240,0.079649925
weather,209,10.0.0.6,1644556240,0,10.0.0.7,1644556240,0.077460051
temperature,77,10.0.0.6,1644556240,0,10.0.0.11,1644556240,0.079670191
weather,350,10.0.0.6,1644556240,0,10.0.0.7,1644556240,0.077340126
temperature,36,10.0.0.6,1644556240,0,10.0.0.11,1644556240,0.079699993
weather,213,10.0.0.6,1644556240,0,10.0.0.7,1644556240,0.07731986
sound,44,10.0.0.6,1644556240,0,10.0.0.11,1644556240,0.07972002
altitude,45,10.0.0.6,1644556240,0,10.0.0.7,1644556240,0.077170134
altitude,44,10.0.0.6,1644556240,0,10.0.0.11,1644556240,0.079750061
weather,105,10.0.0.6,1644556240,0,10.0.0.7,1644556240,0.076980114
weather,464,10.0.0.6,1644556240,0,10.0.0.11,1644556240,0.07976985
altitude,124,10.0.0.6,1644556240,0,10.0.0.7,1644556240,0.077009916
temperature,108,10.0.0.6,1644556240,0,10.0.0.11,1644556240,0.079800129
weather,368,10.0.0.6,1644556240,0,10.0.0.11,1644556240,0.07983017
altitude,471,10.0.0.6,1644556240,0,10.0.0.11,1644556240,0.079869986
altitude,190,10.0.0.6,1644556240,0,10.0.0.11,1644556240,0.079970121
temperature,436,10.0.0.6,1644556240,0,10.0.0.11,1644556240,0.080060005
altitude,279,10.0.0.6,1644556240,0,10.0.0.11,1644556240,0.080109835
altitude,101,10.0.0.6,1644556240,0,10.0.0.11,1644556240,0.080120087
temperature,307,10.0.0.6,1644556240,0,10.0.0.11,1644556240,0.080150127
weather,188,10.0.0.6,1644556240,0,10.0.0.11,1644556240,0.080189943
altitude,422,10.0.0.6,1644556240,0,10.0.0.11,1644556240,0.080289841
altitude,297,10.0.0.6,1644556240,0,10.0.0.11,1644556240,0.080339909
temperature,474,10.0.0.6,1644556240,0,10.0.0.11,1644556240,0.080379963
sound,465,10.0.0.6,1644556240,0,10.0.0.11,1644556240,0.080420017
weather,442,10.0.0.6,1644556240,0,10.0.0.11,1644556240,0.080330133
weather,98,10.0.0.6,1644556240,0,10.0.0.11,1644556240,0.079699993
altitude,353,10.0.0.6,1644556240,0,10.0.0.11,1644556240,0.079740047
sound,76,10.0.0.6,1644556240,0,10.0.0.11,1644556240,0.07976985
temperature,352,10.0.0.6,1644556240,0,10.0.0.11,1644556240,0.079799891
temperature,445,10.0.0.6,1644556240,0,10.0.0.11,1644556240,0.07983017
altitude,4,10.0.0.6,1644556240,0,10.0.0.11,1644556240,0.079859972
temperature,52,10.0.0.6,1644556240,0,10.0.0.11,1644556240,0.079890013
temperature,159,10.0.0.6,1644556240,0,10.0.0.11,1644556240,0.079919815
sound,85,10.0.0.6,1644556240,0,10.0.0.11,1644556240,0.079960108
sound,399,10.0.0.6,1644556240,0,10.0.0.11,1644556240,0.079960108
temperature,306,10.0.0.6,1644556240,0,10.0.0.11,1644556240,0.07998991
altitude,67,10.0.0.6,1644556240,0,10.0.0.11,1644556240,0.080029964
temperature,319,10.0.0.6,1644556240,0,10.0.0.11,1644556240,0.080060005
weather,209,10.0.0.6,1644556240,0,10.0.0.11,1644556240,0.08010006
temperature,56,10.0.0.6,1644556240,0,10.0.0.11,1644556240,0.080139875
sound,228,10.0.0.6,1644556240,0,10.0.0.11,1644556240,0.080169916
temperature,136,10.0.0.6,1644556240,0,10.0.0.11,1644556240,0.08020997
sound,379,10.0.0.6,1644556240,0,10.0.0.11,1644556240,0.080690145
weather,350,10.0.0.6,1644556240,0,10.0.0.11,1644556240,0.080790043
sound,219,10.0.0.6,1644556240,0,10.0.0.11,1644556240,0.080839872
weather,213,10.0.0.6,1644556240,0,10.0.0.11,1644556240,0.080879927
temperature,100,10.0.0.6,1644556240,0,10.0.0.11,1644556240,0.080960035
altitude,45,10.0.0.6,1644556240,0,10.0.0.11,1644556240,0.080990076
sound,311,10.0.0.6,1644556240,0,10.0.0.11,1644556240,0.081010103
temperature,29,10.0.0.6,1644556240,0,10.0.0.11,1644556240,0.081049919
temperature,131,10.0.0.6,1644556240,0,10.0.0.11,1644556240,0.08107996
temperature,242,10.0.0.6,1644556240,0,10.0.0.11,1644556240,0.081130028
sound,42,10.0.0.6,1644556240,0,10.0.0.11,1644556240,0.081160069
weather,105,10.0.0.6,1644556240,0,10.0.0.11,1644556240,0.081200123
altitude,124,10.0.0.6,1644556240,0,10.0.0.11,1644556240,0.081249952
temperature,433,10.0.0.6,1644556240,0,10.0.0.11,1644556240,0.081279993
temperature,464,10.0.0.6,1644556240,0,10.0.0.11,1644556240,0.081320047
temperature,17,10.0.0.6,1644556240,0,10.0.0.11,1644556240,0.081370115
temperature,238,10.0.0.6,1644556240,0,10.0.0.11,1644556240,0.081409931
temperature,94,10.0.0.3,1644556240,0,10.0.0.11,1644556240,0.022320032
temperature,302,10.0.0.3,1644556240,0,10.0.0.11,1644556240,0.022300005
temperature,11,10.0.0.3,1644556240,0,10.0.0.11,1644556240,0.022289991
temperature,26,10.0.0.3,1644556240,0,10.0.0.11,1644556240,0.022340059
temperature,275,10.0.0.3,1644556240,0,10.0.0.11,1644556240,0.022379875
temperature,263,10.0.0.3,1644556240,0,10.0.0.11,1644556240,0.02241993
temperature,424,10.0.0.3,1644556240,0,10.0.0.11,1644556240,0.02244997
temperature,10,10.0.0.3,1644556240,0,10.0.0.11,1644556240,0.022480011
temperature,388,10.0.0.3,1644556240,0,10.0.0.11,1644556240,0.022520065
temperature,70,10.0.0.3,1644556240,0,10.0.0.11,1644556240,0.022589922
temperature,427,10.0.0.3,1644556240,0,10.0.0.11,1644556240,0.022669792
temperature,222,10.0.0.3,1644556240,0,10.0.0.11,1644556240,0.022710085
temperature,468,10.0.0.3,1644556240,0,10.0.0.11,1644556240,0.022750139
temperature,92,10.0.0.3,1644556240,0,10.0.0.11,1644556240,0.02286005
temperature,364,10.0.0.3,1644556240,0,10.0.0.11,1644556240,0.022969961
temperature,459,10.0.0.3,1644556240,0,10.0.0.11,1644556240,0.023019791
temperature,284,10.0.0.3,1644556240,0,10.0.0.11,1644556240,0.02305007
temperature,376,10.0.0.3,1644556240,0,10.0.0.11,1644556240,0.023080111
temperature,253,10.0.0.3,1644556240,0,10.0.0.11,1644556240,0.023119926
temperature,87,10.0.0.3,1644556240,0,10.0.0.11,1644556240,0.023149967
temperature,84,10.0.0.3,1644556240,0,10.0.0.11,1644556240,0.023190022
temperature,195,10.0.0.3,1644556240,0,10.0.0.11,1644556240,0.023210049
temperature,281,10.0.0.3,1644556240,0,10.0.0.11,1644556240,0.023250103
temperature,437,10.0.0.3,1644556240,0,10.0.0.11,1644556240,0.023339987
temperature,336,10.0.0.3,1644556240,0,10.0.0.11,1644556240,0.023409843
temperature,159,10.0.0.3,1644556240,0,10.0.0.11,1644556240,0.023440123
temperature,222,10.0.0.3,1644556240,0,10.0.0.11,1644556240,0.023470163
temperature,400,10.0.0.3,1644556240,0,10.0.0.11,1644556240,0.023509979
temperature,89,10.0.0.3,1644556240,0,10.0.0.11,1644556240,0.02354002
temperature,273,10.0.0.3,1644556240,0,10.0.0.11,1644556240,0.023569822
temperature,339,10.0.0.3,1644556240,0,10.0.0.11,1644556240,0.023600101
temperature,325,10.0.0.3,1644556240,0,10.0.0.11,1644556240,0.023560047
temperature,105,10.0.0.3,1644556240,0,10.0.0.11,1644556240,0.023579836
temperature,118,10.0.0.3,1644556240,0,10.0.0.11,1644556240,0.023590088
temperature,339,10.0.0.3,1644556240,0,10.0.0.11,1644556240,0.023620129
temperature,73,10.0.0.3,1644556240,0,10.0.0.11,1644556240,0.023649931
temperature,319,10.0.0.3,1644556240,0,10.0.0.11,1644556240,0.023679972
temperature,255,10.0.0.3,1644556240,0,10.0.0.11,1644556240,0.023599863
temperature,244,10.0.0.3,1644556240,0,10.0.0.11,1644556240,0.023640156
temperature,82,10.0.0.3,1644556240,0,10.0.0.11,1644556240,0.023679972
temperature,340,10.0.0.3,1644556240,0,10.0.0.11,1644556240,0.023710012
temperature,211,10.0.0.3,1644556240,0,10.0.0.11,1644556240,0.023819923
temperature,140,10.0.0.3,1644556240,0,10.0.0.11,1644556240,0.023869991
temperature,275,10.0.0.3,1644556240,0,10.0.0.11,1644556240,0.023910046
temperature,286,10.0.0.3,1644556240,0,10.0.0.11,1644556240,0.0239501
temperature,436,10.0.0.3,1644556240,0,10.0.0.11,1644556240,0.060800076
temperature,423,10.0.0.3,1644556240,0,10.0.0.11,1644556240,0.060979843
temperature,488,10.0.0.3,1644556240,0,10.0.0.11,1644556240,0.061039925
temperature,369,10.0.0.3,1644556240,0,10.0.0.11,1644556240,0.061069965
temperature,431,10.0.0.3,1644556240,0,10.0.0.11,1644556240,0.061100006
temperature,195,10.0.0.3,1644556240,0,10.0.0.11,1644556240,0.061120033
temperature,169,10.0.0.3,1644556240,0,10.0.0.11,1644556240,0.061159849
temperature,102,10.0.0.3,1644556240,0,10.0.0.11,1644556240,0.061180115
temperature,423,10.0.0.3,1644556240,0,10.0.0.11,1644556240,0.061220169
temperature,173,10.0.0.3,1644556240,0,10.0.0.11,1644556240,0.061159849
temperature,346,10.0.0.3,1644556240,0,10.0.0.11,1644556240,0.061190128
temperature,61,10.0.0.3,1644556240,0,10.0.0.11,1644556240,0.061219931
temperature,316,10.0.0.3,1644556240,0,10.0.0.11,1644556240,0.061350107
temperature,430,10.0.0.3,1644556240,0,10.0.0.11,1644556240,0.061450005
temperature,222,10.0.0.3,1644556240,0,10.0.0.11,1644556240,0.060819864
temperature,481,10.0.0.3,1644556240,0,10.0.0.11,1644556240,0.060850143
temperature,152,10.0.0.3,1644556240,0,10.0.0.11,1644556240,0.060899973
temperature,452,10.0.0.3,1644556240,0,10.0.0.11,1644556240,0.060970068
temperature,92,10.0.0.3,1644556240,0,10.0.0.11,1644556240,0.061229944
temperature,165,10.0.0.3,1644556240,0,10.0.0.11,1644556240,0.061320066
temperature,197,10.0.0.3,1644556240,0,10.0.0.11,1644556240,0.061380148
temperature,259,10.0.0.3,1644556240,0,10.0.0.11,1644556240,0.062760115
temperature,168,10.0.0.3,1644556240,0,10.0.0.11,1644556240,0.062920094
temperature,377,10.0.0.3,1644556240,0,10.0.0.11,1644556240,0.062999964
temperature,191,10.0.0.3,1644556240,0,10.0.0.11,1644556240,0.063060045
temperature,131,10.0.0.3,1644556240,0,10.0.0.11,1644556240,0.06340003
temperature,22,10.0.0.3,1644556240,0,10.0.0.11,1644556240,0.063469887
temperature,304,10.0.0.3,1644556240,0,10.0.0.11,1644556240,0.063509941
temperature,272,10.0.0.3,1644556240,0,10.0.0.11,1644556240,0.063549995
temperature,151,10.0.0.3,1644556240,0,10.0.0.11,1644556240,0.06359005
temperature,424,10.0.0.3,1644556240,0,10.0.0.11,1644556240,0.063629866
temperature,320,10.0.0.3,1644556240,0,10.0.0.11,1644556240,0.063659906
temperature,418,10.0.0.3,1644556240,0,10.0.0.11,1644556240,0.063700199
temperature,49,10.0.0.3,1644556240,0,10.0.0.11,1644556240,0.06366992
temperature,318,10.0.0.3,1644556240,0,10.0.0.11,1644556240,0.063709974
temperature,37,10.0.0.3,1644556240,0,10.0.0.11,1644556240,0.063329935
temperature,480,10.0.0.3,1644556240,0,10.0.0.11,1644556240,0.063339949
temperature,382,10.0.0.3,1644556240,0,10.0.0.11,1644556240,0.063380003
temperature,198,10.0.0.3,1644556240,0,10.0.0.11,1644556240,0.06340003
temperature,406,10.0.0.3,1644556240,0,10.0.0.11,1644556240,0.06344986
temperature,317,10.0.0.3,1644556240,0,10.0.0.11,1644556240,0.063489914
temperature,144,10.0.0.3,1644556240,0,10.0.0.11,1644556240,0.063530207
temperature,69,10.0.0.3,1644556240,0,10.0.0.11,1644556240,0.063570023
temperature,217,10.0.0.3,1644556240,0,10.0.0.11,1644556240,0.06362009
temperature,75,10.0.0.3,1644556240,0,10.0.0.11,1644556240,0.063639879
temperature,459,10.0.0.3,1644556240,0,10.0.0.11,1644556240,0.063689947
temperature,337,10.0.0.3,1644556240,0,10.0.0.11,1644556240,0.063730001
temperature,25,10.0.0.3,1644556240,0,10.0.0.11,1644556240,0.063770056
temperature,355,10.0.0.3,1644556240,0,10.0.0.11,1644556240,0.063809872
temperature,497,10.0.0.3,1644556240,0,10.0.0.11,1644556240,0.064239979
temperature,285,10.0.0.3,1644556240,0,10.0.0.11,1644556240,0.064290047
temperature,160,10.0.0.3,1644556240,0,10.0.0.11,1644556240,0.06437993
temperature,348,10.0.0.3,1644556240,0,10.0.0.11,1644556240,0.064389944
temperature,459,10.0.0.3,1644556240,0,10.0.0.11,1644556240,0.064440012
temperature,88,10.0.0.3,1644556240,0,10.0.0.11,1644556240,0.064460039
weather,334,10.0.0.4,1644556240,0,10.0.0.7,1644556240,0.02057004
light,27,10.0.0.4,1644556240,0,10.0.0.7,1644556240,0.0207901
weather,375,10.0.0.4,1644556240,0,10.0.0.7,1644556240,0.020859957
altitude,87,10.0.0.4,1644556240,0,10.0.0.7,1644556240,0.020900011
sound,399,10.0.0.4,1644556240,0,10.0.0.11,1644556240,0.021229982
weather,334,10.0.0.4,1644556240,0,10.0.0.11,1644556240,0.021199942
sound,399,10.0.0.4,1644556240,0,10.0.0.10,1644556240,0.021350145
light,27,10.0.0.4,1644556240,0,10.0.0.11,1644556240,0.021229982
humidity,229,10.0.0.4,1644556240,0,10.0.0.11,1644556240,0.021270037
sound,460,10.0.0.4,1644556240,0,10.0.0.10,1644556240,0.021039963
weather,375,10.0.0.4,1644556240,0,10.0.0.11,1644556240,0.021519899
weather,286,10.0.0.4,1644556240,0,10.0.0.7,1644556240,0.021509886
altitude,87,10.0.0.4,1644556240,0,10.0.0.11,1644556240,0.021620035
altitude,130,10.0.0.4,1644556240,0,10.0.0.7,1644556240,0.021500111
humidity,311,10.0.0.4,1644556240,0,10.0.0.11,1644556240,0.021650076
weather,43,10.0.0.4,1644556240,0,10.0.0.7,1644556240,0.02154994
weather,286,10.0.0.4,1644556240,0,10.0.0.11,1644556240,0.021749973
light,254,10.0.0.4,1644556240,0,10.0.0.7,1644556240,0.021569967
pressure,406,10.0.0.4,1644556240,0,10.0.0.11,1644556240,0.021829844
altitude,166,10.0.0.4,1644556240,0,10.0.0.7,1644556240,0.021529913
humidity,34,10.0.0.4,1644556240,0,10.0.0.11,1644556240,0.021870136
weather,132,10.0.0.4,1644556240,0,10.0.0.7,1644556240,0.021569967
altitude,130,10.0.0.4,1644556240,0,10.0.0.11,1644556240,0.021900177
light,29,10.0.0.4,1644556240,0,10.0.0.7,1644556240,0.021600008
sound,460,10.0.0.4,1644556240,0,10.0.0.11,1644556240,0.021929979
weather,43,10.0.0.4,1644556240,0,10.0.0.11,1644556240,0.021950006
pressure,47,10.0.0.4,1644556240,0,10.0.0.11,1644556240,0.021979809
weather,334,10.0.0.4,1644556240,0,10.0.0.8,1644556240,0.022420168
humidity,48,10.0.0.4,1644556240,0,10.0.0.11,1644556240,0.022000074
weather,375,10.0.0.4,1644556240,0,10.0.0.8,1644556240,0.022399902
light,254,10.0.0.4,1644556240,0,10.0.0.11,1644556240,0.022030115
weather,286,10.0.0.4,1644556240,0,10.0.0.8,1644556240,0.022350073
humidity,174,10.0.0.4,1644556240,0,10.0.0.11,1644556240,0.022069931
weather,43,10.0.0.4,1644556240,0,10.0.0.8,1644556240,0.02222991
weather,334,10.0.0.4,1644556240,0,10.0.0.9,1644556240,0.022740126
weather,132,10.0.0.4,1644556240,0,10.0.0.8,1644556240,0.022179842
humidity,229,10.0.0.4,1644556240,0,10.0.0.9,1644556240,0.022830009
weather,172,10.0.0.4,1644556240,0,10.0.0.8,1644556240,0.022210121
weather,375,10.0.0.4,1644556240,0,10.0.0.9,1644556240,0.022869825
humidity,311,10.0.0.4,1644556240,0,10.0.0.9,1644556240,0.02286005
weather,286,10.0.0.4,1644556240,0,10.0.0.9,1644556240,0.022899866
humidity,34,10.0.0.4,1644556240,0,10.0.0.9,1644556240,0.022900105
weather,43,10.0.0.4,1644556240,0,10.0.0.9,1644556240,0.022850037
humidity,48,10.0.0.4,1644556240,0,10.0.0.9,1644556240,0.022840023
sound,213,10.0.0.4,1644556240,0,10.0.0.10,1644556240,0.022489786
humidity,174,10.0.0.4,1644556240,0,10.0.0.9,1644556240,0.022840023
sound,9,10.0.0.4,1644556240,0,10.0.0.10,1644556240,0.022520065
weather,132,10.0.0.4,1644556240,0,10.0.0.9,1644556240,0.022799969
sound,106,10.0.0.4,1644556240,0,10.0.0.10,1644556240,0.022569895
sound,230,10.0.0.4,1644556240,0,10.0.0.10,1644556240,0.022609949
weather,223,10.0.0.4,1644556240,0,10.0.0.8,1644556240,0.022029877
sound,362,10.0.0.4,1644556240,0,10.0.0.10,1644556240,0.022650003
weather,231,10.0.0.4,1644556240,0,10.0.0.8,1644556240,0.021929979
sound,152,10.0.0.4,1644556240,0,10.0.0.10,1644556240,0.022680044
weather,403,10.0.0.4,1644556240,0,10.0.0.8,1644556240,0.021620035
sound,484,10.0.0.4,1644556240,0,10.0.0.10,1644556240,0.022569895
weather,91,10.0.0.4,1644556240,0,10.0.0.8,1644556240,0.021539927
sound,322,10.0.0.4,1644556240,0,10.0.0.10,1644556240,0.022589922
sound,245,10.0.0.4,1644556240,0,10.0.0.10,1644556240,0.022050142
weather,282,10.0.0.4,1644556240,0,10.0.0.8,1644556240,0.023429871
sound,411,10.0.0.4,1644556240,0,10.0.0.10,1644556240,0.024260044
weather,100,10.0.0.4,1644556240,0,10.0.0.8,1644556240,0.022930145
weather,480,10.0.0.4,1644556240,0,10.0.0.8,1644556240,0.022510052
sound,264,10.0.0.4,1644556240,0,10.0.0.10,1644556240,0.024119854
weather,496,10.0.0.4,1644556240,0,10.0.0.8,1644556240,0.021790028
sound,290,10.0.0.4,1644556240,0,10.0.0.10,1644556240,0.024130106
weather,334,10.0.0.4,1644556240,0,10.0.0.8,1644556240,0.021340132
sound,40,10.0.0.4,1644556240,0,10.0.0.10,1644556240,0.024070024
sound,295,10.0.0.4,1644556240,0,10.0.0.10,1644556240,0.023569822
sound,157,10.0.0.4,1644556240,0,10.0.0.10,1644556240,0.023300171
sound,44,10.0.0.4,1644556240,0,10.0.0.10,1644556240,0.02286005
sound,115,10.0.0.4,1644556240,0,10.0.0.10,1644556240,0.022870064
sound,101,10.0.0.4,1644556240,0,10.0.0.10,1644556240,0.022429943
sound,101,10.0.0.4,1644556240,0,10.0.0.10,1644556240,0.022389889
sound,142,10.0.0.4,1644556240,0,10.0.0.10,1644556240,0.02218008
pressure,3,10.0.0.4,1644556240,0,10.0.0.11,1644556240,0.063279867
weather,172,10.0.0.4,1644556240,0,10.0.0.9,1644556240,0.063719988
weather,172,10.0.0.4,1644556240,0,10.0.0.7,1644556240,0.063840151
humidity,40,10.0.0.4,1644556240,0,10.0.0.9,1644556240,0.063930035
altitude,247,10.0.0.4,1644556240,0,10.0.0.7,1644556240,0.063920021
humidity,404,10.0.0.4,1644556240,0,10.0.0.9,1644556240,0.064029932
altitude,232,10.0.0.4,1644556240,0,10.0.0.7,1644556240,0.063980103
weather,223,10.0.0.4,1644556240,0,10.0.0.9,1644556240,0.063249826
light,412,10.0.0.4,1644556240,0,10.0.0.7,1644556240,0.063999891
humidity,471,10.0.0.4,1644556240,0,10.0.0.9,1644556240,0.063220024
light,264,10.0.0.4,1644556240,0,10.0.0.7,1644556240,0.064059973
weather,231,10.0.0.4,1644556240,0,10.0.0.9,1644556240,0.063239813
altitude,157,10.0.0.4,1644556240,0,10.0.0.7,1644556240,0.063999891
humidity,308,10.0.0.4,1644556240,0,10.0.0.9,1644556240,0.063090086
light,487,10.0.0.4,1644556240,0,10.0.0.7,1644556240,0.064009905
weather,403,10.0.0.4,1644556240,0,10.0.0.9,1644556240,0.063030005
weather,223,10.0.0.4,1644556240,0,10.0.0.7,1644556240,0.063679934
weather,91,10.0.0.4,1644556240,0,10.0.0.9,1644556240,0.062979937
light,76,10.0.0.4,1644556240,0,10.0.0.7,1644556240,0.063719988
humidity,242,10.0.0.4,1644556240,0,10.0.0.9,1644556240,0.063029766
altitude,292,10.0.0.4,1644556240,0,10.0.0.7,1644556240,0.063760042
weather,282,10.0.0.4,1644556240,0,10.0.0.9,1644556240,0.062819958
weather,231,10.0.0.4,1644556240,0,10.0.0.7,1644556240,0.063750029
light,375,10.0.0.4,1644556240,0,10.0.0.7,1644556240,0.063549995
weather,100,10.0.0.4,1644556240,0,10.0.0.9,1644556240,0.062350035
humidity,347,10.0.0.4,1644556240,0,10.0.0.9,1644556240,0.062299967
altitude,166,10.0.0.4,1644556240,0,10.0.0.11,1644556240,0.063459873
weather,132,10.0.0.4,1644556240,0,10.0.0.11,1644556240,0.06546998
light,29,10.0.0.4,1644556240,0,10.0.0.11,1644556240,0.065550089
weather,172,10.0.0.4,1644556240,0,10.0.0.11,1644556240,0.06566
humidity,40,10.0.0.4,1644556240,0,10.0.0.11,1644556240,0.065870047
humidity,404,10.0.0.4,1644556240,0,10.0.0.11,1644556240,0.06592989
sound,213,10.0.0.4,1644556240,0,10.0.0.11,1644556240,0.065999985
altitude,247,10.0.0.4,1644556240,0,10.0.0.11,1644556240,0.066060066
sound,9,10.0.0.4,1644556240,0,10.0.0.11,1644556240,0.066120148
altitude,232,10.0.0.4,1644556240,0,10.0.0.11,1644556240,0.066169977
sound,106,10.0.0.4,1644556240,0,10.0.0.11,1644556240,0.066200018
light,412,10.0.0.4,1644556240,0,10.0.0.11,1644556240,0.06622982
light,396,10.0.0.4,1644556240,0,10.0.0.7,1644556240,0.063580036
weather,403,10.0.0.4,1644556240,0,10.0.0.7,1644556240,0.066180229
light,47,10.0.0.4,1644556240,0,10.0.0.7,1644556240,0.066159964
weather,91,10.0.0.4,1644556240,0,10.0.0.7,1644556240,0.066190004
altitude,187,10.0.0.4,1644556240,0,10.0.0.7,1644556240,0.066240072
light,272,10.0.0.4,1644556240,0,10.0.0.7,1644556240,0.066279888
altitude,401,10.0.0.4,1644556240,0,10.0.0.7,1644556240,0.066200018
weather,282,10.0.0.4,1644556240,0,10.0.0.7,1644556240,0.066230059
light,232,10.0.0.4,1644556240,0,10.0.0.7,1644556240,0.066240072
altitude,457,10.0.0.4,1644556240,0,10.0.0.7,1644556240,0.066080093
weather,100,10.0.0.4,1644556240,0,10.0.0.7,1644556240,0.065920115
light,210,10.0.0.4,1644556240,0,10.0.0.7,1644556240,0.065789938
weather,480,10.0.0.4,1644556240,0,10.0.0.7,1644556240,0.065640211
light,30,10.0.0.4,1644556240,0,10.0.0.7,1644556240,0.065619946
light,467,10.0.0.4,1644556240,0,10.0.0.7,1644556240,0.065730095
light,140,10.0.0.4,1644556240,0,10.0.0.7,1644556240,0.065629959
light,264,10.0.0.4,1644556240,0,10.0.0.11,1644556240,0.069060087
sound,230,10.0.0.4,1644556240,0,10.0.0.11,1644556240,0.06926012
humidity,325,10.0.0.4,1644556240,0,10.0.0.9,1644556240,0.062330008
weather,496,10.0.0.4,1644556240,0,10.0.0.7,1644556240,0.066319942
altitude,289,10.0.0.4,1644556240,0,10.0.0.7,1644556240,0.066380024
weather,480,10.0.0.4,1644556240,0,10.0.0.9,1644556240,0.067320108
altitude,469,10.0.0.4,1644556240,0,10.0.0.7,1644556240,0.066390038
light,473,10.0.0.4,1644556240,0,10.0.0.7,1644556240,0.066479921
humidity,203,10.0.0.4,1644556240,0,10.0.0.9,1644556240,0.067260027
weather,496,10.0.0.4,1644556240,0,10.0.0.9,1644556240,0.068459988
sound,362,10.0.0.4,1644556240,0,10.0.0.11,1644556240,0.069430113
sound,152,10.0.0.4,1644556240,0,10.0.0.11,1644556240,0.072170019
weather,334,10.0.0.4,1644556240,0,10.0.0.9,1644556240,0.068279982
altitude,157,10.0.0.4,1644556240,0,10.0.0.11,1644556240,0.072289944
pressure,170,10.0.0.4,1644556240,0,10.0.0.11,1644556240,0.072380066
altitude,404,10.0.0.4,1644556240,0,10.0.0.7,1644556240,0.066859961
light,487,10.0.0.4,1644556240,0,10.0.0.11,1644556240,0.072430134
sound,484,10.0.0.4,1644556240,0,10.0.0.11,1644556240,0.072459936
sound,322,10.0.0.4,1644556240,0,10.0.0.11,1644556240,0.072510004
weather,334,10.0.0.4,1644556240,0,10.0.0.7,1644556240,0.068680048
pressure,258,10.0.0.4,1644556240,0,10.0.0.11,1644556240,0.072590113
pressure,269,10.0.0.4,1644556240,0,10.0.0.11,1644556240,0.072640181
pressure,193,10.0.0.4,1644556240,0,10.0.0.11,1644556240,0.072679996
pressure,459,10.0.0.4,1644556240,0,10.0.0.11,1644556240,0.072720051
weather,223,10.0.0.4,1644556240,0,10.0.0.11,1644556240,0.072619915
light,76,10.0.0.4,1644556240,0,10.0.0.11,1644556240,0.0728302
altitude,292,10.0.0.4,1644556240,0,10.0.0.11,1644556240,0.072870016
humidity,471,10.0.0.4,1644556240,0,10.0.0.11,1644556240,0.073090076
pressure,12,10.0.0.4,1644556240,0,10.0.0.11,1644556240,0.073139906
weather,231,10.0.0.4,1644556240,0,10.0.0.11,1644556240,0.073279858
pressure,83,10.0.0.4,1644556240,0,10.0.0.11,1644556240,0.07332015
sound,245,10.0.0.4,1644556240,0,10.0.0.11,1644556240,0.074229956
sound,411,10.0.0.4,1644556240,0,10.0.0.11,1644556240,0.074310064
humidity,308,10.0.0.4,1644556240,0,10.0.0.11,1644556240,0.074409962
light,375,10.0.0.4,1644556240,0,10.0.0.11,1644556240,0.074440002
light,396,10.0.0.4,1644556240,0,10.0.0.11,1644556240,0.07449007
sound,264,10.0.0.4,1644556240,0,10.0.0.11,1644556240,0.074669838
weather,403,10.0.0.4,1644556240,0,10.0.0.11,1644556240,0.076830149
pressure,424,10.0.0.4,1644556240,0,10.0.0.11,1644556240,0.076879978
sound,290,10.0.0.4,1644556240,0,10.0.0.11,1644556240,0.07716012
light,47,10.0.0.4,1644556240,0,10.0.0.11,1644556240,0.077379942
weather,91,10.0.0.4,1644556240,0,10.0.0.11,1644556240,0.077589989
humidity,242,10.0.0.4,1644556240,0,10.0.0.11,1644556240,0.077819824
sound,40,10.0.0.4,1644556240,0,10.0.0.11,1644556240,0.077880144
altitude,187,10.0.0.4,1644556240,0,10.0.0.11,1644556240,0.07791996
light,272,10.0.0.4,1644556240,0,10.0.0.11,1644556240,0.077950001
altitude,401,10.0.0.4,1644556240,0,10.0.0.11,1644556240,0.077889919
weather,282,10.0.0.4,1644556240,0,10.0.0.11,1644556240,0.077929974
light,232,10.0.0.4,1644556240,0,10.0.0.11,1644556240,0.077950001
pressure,494,10.0.0.4,1644556240,0,10.0.0.11,1644556240,0.077990055
pressure,284,10.0.0.4,1644556240,0,10.0.0.11,1644556240,0.078000069
pressure,48,10.0.0.4,1644556240,0,10.0.0.11,1644556240,0.078039885
pressure,258,10.0.0.4,1644556240,0,10.0.0.11,1644556240,0.078050137
altitude,457,10.0.0.4,1644556240,0,10.0.0.11,1644556240,0.078079939
sound,295,10.0.0.4,1644556240,0,10.0.0.11,1644556240,0.078099966
weather,100,10.0.0.4,1644556240,0,10.0.0.11,1644556240,0.077939987
pressure,353,10.0.0.4,1644556240,0,10.0.0.11,1644556240,0.077960014
sound,157,10.0.0.4,1644556240,0,10.0.0.11,1644556240,0.077940226
humidity,347,10.0.0.4,1644556240,0,10.0.0.11,1644556240,0.078130007
light,210,10.0.0.4,1644556240,0,10.0.0.11,1644556240,0.079380035
humidity,325,10.0.0.4,1644556240,0,10.0.0.11,1644556240,0.07964015
weather,480,10.0.0.4,1644556240,0,10.0.0.11,1644556240,0.079670191
light,30,10.0.0.4,1644556240,0,10.0.0.11,1644556240,0.07968998
pressure,84,10.0.0.4,1644556240,0,10.0.0.11,1644556240,0.079809904
sound,44,10.0.0.4,1644556240,0,10.0.0.11,1644556240,0.079980135
light,467,10.0.0.4,1644556240,0,10.0.0.11,1644556240,0.08020997
humidity,203,10.0.0.4,1644556240,0,10.0.0.11,1644556240,0.080299854
sound,115,10.0.0.4,1644556240,0,10.0.0.11,1644556240,0.080430031
pressure,466,10.0.0.4,1644556240,0,10.0.0.11,1644556240,0.080530167
light,140,10.0.0.4,1644556240,0,10.0.0.11,1644556240,0.080549955
weather,496,10.0.0.4,1644556240,0,10.0.0.11,1644556240,0.080310106
sound,101,10.0.0.4,1644556240,0,10.0.0.11,1644556240,0.080309868
altitude,289,10.0.0.4,1644556240,0,10.0.0.11,1644556240,0.080350161
sound,101,10.0.0.4,1644556240,0,10.0.0.11,1644556240,0.080389977
pressure,82,10.0.0.4,1644556240,0,10.0.0.11,1644556240,0.080420017
pressure,153,10.0.0.4,1644556240,0,10.0.0.11,1644556240,0.080450058
altitude,469,10.0.0.4,1644556240,0,10.0.0.11,1644556240,0.080470085
light,473,10.0.0.4,1644556240,0,10.0.0.11,1644556240,0.080499887
altitude,404,10.0.0.4,1644556240,0,10.0.0.11,1644556240,0.080519915
sound,142,10.0.0.4,1644556240,0,10.0.0.11,1644556240,0.080569983
weather,334,10.0.0.4,1644556240,0,10.0.0.11,1644556240,0.080600023